name,city,phone,email,rating,reviews,website,demo_url
Unlimited Air Conditioning and Heating,Dallas,+1 945-998-7066,mariscal_frank@yahoo.com,4.8,240.0,https://unlimitedairandheating.com/,https://demos.kinesiscreatives.com/dallas-unlimited-air-conditioning-and-heating.html
"Jade Air, LLC",Dallas,+1 214-923-7904,gilbert@jadeair.net,4.8,146.0,http://jadeair.net/,https://demos.kinesiscreatives.com/dallas-jade-air-llc.html
"Silver Spur Air, Heating, & Plumbing of Dallas",Dallas,+1 972-290-1996,info@silverspurhome.com,4.9,30.0,https://silverspurhome.com/%3Futm_source%3Dgoogle%26utm_medium%3Dorganic%26utm_campaign%3Dgmb%26utm_id%3DGBP,https://demos.kinesiscreatives.com/dallas-silver-spur-air-heating-plumbing-of-dallas.html
Dallas Heating and Air Conditioning,Dallas,+1 972-423-0012,staggs_randy@yahoo.com,4.8,216.0,http://www.dallasheatingac.com/,https://demos.kinesiscreatives.com/dallas-dallas-heating-and-air-conditioning.html
Quality 1 Energy Systems Heating & Air Conditioning,Dallas,+1 469-351-5521,evan@q1es.com,4.9,356.0,https://www.q1es.com/,https://demos.kinesiscreatives.com/dallas-quality-1-energy-systems-heating-air-conditioning.html
"Harlen Johnson HVAC, Plumbing & Electrical",Dallas,+1 972-402-6198,jan@hjac.com,4.8,1162.0,https://hjac.com/%3Futm_campaign%3Dgmb,https://demos.kinesiscreatives.com/dallas-harlen-johnson-hvac-plumbing-electrical.html
"Cody & Sons Plumbing, Heating & Air",Dallas,+1 469-200-3366,info@codyandsons.com,4.9,2237.0,http://www.codyandsons.com/,https://demos.kinesiscreatives.com/dallas-cody-sons-plumbing-heating-air.html
StrikeForce Heating & Air LLC,Dallas,+1 214-570-4966,tobyp@strikeforceac.com,4.9,206.0,http://strikeforceac.com/%3Futm_source%3DGMB%26utm_medium%3Dorganic%26utm_campaign%3DGMB,https://demos.kinesiscreatives.com/dallas-strikeforce-heating-air-llc.html
Alpha Heating & Cooling Llc.,Dallas,+1 214-945-8799,jonpinhorn.typedesign@gmail.com,5.0,128.0,https://alphahvac.site/,https://demos.kinesiscreatives.com/dallas-alpha-heating-cooling-llc.html
Metro Air Conditioning Heating & Services,Dallas,+1 214-304-7658,info@metroacs.com,4.8,335.0,https://www.metroacs.com/,https://demos.kinesiscreatives.com/dallas-metro-air-conditioning-heating-services.html
TemperaturePro,Dallas,+1 469-485-5115,dallas@temperaturepro.com,5.0,190.0,http://www.temperatureprodallas.com/%3Futm_source%3Dgoogle%26utm_medium%3Dorganic%26utm_campaign%3Dgbp-gaston,https://demos.kinesiscreatives.com/dallas-temperaturepro.html
Coolinary Arts Heating & Cooling,Dallas,+1 972-975-2665,classicairac@gmail.com,5.0,233.0,https://callcoolinaryarts.com/%3Futm_source%3Dgoogle%26utm_medium%3Dgbp%26utm_campaign%3DDallas,https://demos.kinesiscreatives.com/dallas-coolinary-arts-heating-cooling.html
"Dial One Johnson Plumbing, Cooling & Heating",Dallas,+1 469-949-1741,daniel@dial1plumbing.com,4.9,650.0,https://dial1plumbing.com/dallas/%3Futm_source%3Dgoogle%26utm_medium%3Dorganic%26utm_campaign%3Dgbp_dallas,https://demos.kinesiscreatives.com/dallas-dial-one-johnson-plumbing-cooling-heating.html
Proactive Air Conditioning,Dallas,+1 469-921-1136,admin@proactiveairconditioning.com,5.0,92.0,https://proactiveairconditioning.com/,https://demos.kinesiscreatives.com/dallas-proactive-air-conditioning.html
"Berkeys Plumbing, A/C & Electrical",Dallas,+1 214-612-0133,spetty@berkys.com,4.9,3288.0,https://www.berkeys.com/%3Futm_campaign%3Dgmb_be_home_everyone_gmb-dallas%26utm_medium%3Dgmb%26utm_source%3Dgoogle,https://demos.kinesiscreatives.com/dallas-berkeys-plumbing-ac-electrical.html
Ellis Air Conditioning & Heating,Dallas,+1 972-362-1501,aaron@ellisac.com,4.7,59.0,https://www.ellisac.com/%3Futm_source%3Dgmb_listing%26utm_medium%3Dorganic,https://demos.kinesiscreatives.com/dallas-ellis-air-conditioning-heating.html
Eastin Heating and Air,Dallas,+1 972-278-0613,mark@eastinair.com,4.8,485.0,http://www.eastinair.com/%3Futm_campaign%3Dgmb,https://demos.kinesiscreatives.com/dallas-eastin-heating-and-air.html
Berry Best Cooling & Heating,Dallas,+1 972-928-9482,ricky@callberrybest.com,5.0,96.0,https://www.callberrybest.com/,https://demos.kinesiscreatives.com/dallas-berry-best-cooling-heating.html
Serveway Heating and Air Conditioning,Dallas,+1 469-231-9379,dispatch@myazac.com,4.9,374.0,https://www.servewayhvac.com/%3Futm_source%3Dgoogle%26utm_medium%3Dorganic%26utm_campaign%3Dgbp,https://demos.kinesiscreatives.com/dallas-serveway-heating-and-air-conditioning.html
"Climate Tech Air Conditioning & Heating, LLC",Dallas,+1 972-254-6283,raymond@theclimatetech.com,4.4,33.0,http://www.theclimatetech.com/,https://demos.kinesiscreatives.com/dallas-climate-tech-air-conditioning-heating-llc.html
Aire Serv of Dallas,Dallas,+1 214-838-7191,dallas.tx@aireservdallas.com,4.8,248.0,https://www.aireservdallas.com/,https://demos.kinesiscreatives.com/dallas-aire-serv-of-dallas.html
Texas AirZone LLC,Dallas,+1 214-851-3886,mminielly@texasairzone.com,5.0,824.0,https://www.texasairzone.com/%3Futm_source%3Dgoogle%26utm_medium%3DKARMAjack,https://demos.kinesiscreatives.com/dallas-texas-airzone-llc.html
Rescue Air and Plumbing,Dallas,+1 972-201-3253,colin.hickey@worldtravel.com,4.9,3752.0,https://www.rescueairtx.com/%3Futm_source%3Dgoogle%26utm_medium%3DKARMAjack,https://demos.kinesiscreatives.com/dallas-rescue-air-and-plumbing.html
"Astar Air Conditioning, Plumbing & Electric",Dallas,+1 972-278-7111,edgar@astardfw.com,4.8,2697.0,https://astardfw.com/,https://demos.kinesiscreatives.com/dallas-astar-air-conditioning-plumbing-electric.html
Efficient Home Solutions of Dallas,Dallas,+1 214-612-7493,efficienthomesolutions@gmail.com,4.8,104.0,https://ehshvac.com/%3Futm_source%3Dgoogle%26utm_medium%3Dorganic%26utm_campaign%3Dehsdallasfbmopo,https://demos.kinesiscreatives.com/dallas-efficient-home-solutions-of-dallas.html
The Chill Brothers,Dallas,+1 844-512-4455,brennan@thechillbrothers.com,4.5,354.0,https://thechillbrothers.com/ac-repair-service-dallas/,https://demos.kinesiscreatives.com/dallas-the-chill-brothers.html
Dallas Plumbing & Air Conditioning,Dallas,+1 214-466-7557,cdowns@dallasplumbing.com,4.6,1163.0,https://www.dallasplumbing.com/dallas/%3Futm_source%3Dorganic%26utm_medium%3Dorganic%26utm_campaign%3Ddallas%26utm_id%3Dgbp,https://demos.kinesiscreatives.com/dallas-dallas-plumbing-air-conditioning.html
AC WIZARD,Dallas,+1 214-342-2665,jimmy@acwizard.com,4.1,191.0,https://www.acwizard.com/,https://demos.kinesiscreatives.com/dallas-ac-wizard.html
Mondragon Mechanical LLC,Dallas,+1 972-214-7002,office@m-mhvac.com,4.9,525.0,https://mondragonac.com/,https://demos.kinesiscreatives.com/dallas-mondragon-mechanical-llc.html
LENARI A/C AND REFRIGERATION,Dallas,+1 800-809-0985,lenariacnref@gmail.com,5.0,29.0,http://lenariac.com/,https://demos.kinesiscreatives.com/dallas-lenari-ac-and-refrigeration.html
"A/C Rescue, Inc.",Dallas,,ac.rescue.office@gmail.com,4.3,710.0,https://acrescue.net/,https://demos.kinesiscreatives.com/dallas-ac-rescue-inc.html
Cowboy Air Condition & Heating Company TDLR:21299,Dallas,+1 214-570-1540,eben@eyebytes.com,5.0,24.0,https://cowboyair.com/,https://demos.kinesiscreatives.com/dallas-cowboy-air-condition-heating-company-tdlr21299.html
K&S Heating and Air,Garland,+1 214-919-1728,janjr1@verizon.net,4.6,570.0,http://www.kandsac.com/,https://demos.kinesiscreatives.com/garland-ks-heating-and-air.html
Service Experts Dallas,Richardson,+1 972-619-7607,green48735244@yahoo.com,4.8,3971.0,https://www.serviceexperts.com/dallas-tx/%3F%26utm_campaign%3Dlisting%26utm_medium%3Dorganic_search%26utm_source%3Dgmb%26utm_content%3Dbrand,https://demos.kinesiscreatives.com/richardson-service-experts-dallas.html
Air Patrol Air Conditioning & Heating,Farmers Branch,+1 214-261-0034,sgazor@airpatrolac.com,5.0,227.0,https://www.airpatrolac.com/%3Futm_source%3Dgoogle%26utm_medium%3Dorganic%26utm_campaign%3Dgbp,https://demos.kinesiscreatives.com/farmers-branch-air-patrol-air-conditioning-heating.html
Hare Air Conditioning & Heating,Dallas,+1 469-547-5209,callhare@gmail.com,4.9,52.0,https://callhare.com/,https://demos.kinesiscreatives.com/dallas-hare-air-conditioning-heating.html
American Industrial Mechanical LLC,Dallas,+1 972-639-5188,americanindustrialmechanical@gmail.com,4.7,142.0,https://aim-mechanical.com/,https://demos.kinesiscreatives.com/dallas-american-industrial-mechanical-llc.html
HVAC Dallas,Dallas,+1 469-672-5414,info@hvacindallas.net,5.0,3.0,http://hvacindallas.net/,https://demos.kinesiscreatives.com/dallas-hvac-dallas.html
Hedrick's Service Now,Dallas,+1 214-509-6029,service@callservicenow.com,4.9,1039.0,https://www.callservicenow.com//%3Futm_source%3DGMB%26utm_medium%3Dorganic%26utm_campaign%3D,https://demos.kinesiscreatives.com/dallas-hedricks-service-now.html
"Paschal Air, Plumbing & Electric",Dallas,+1 214-765-4817,bharris@aircoservice.com,4.6,419.0,https://gopaschal.com/service-areas/arlington-tx%3Futm_source%3Dgbp-arlington,https://demos.kinesiscreatives.com/dallas-paschal-air-plumbing-electric.html
"Milestone Electric, A/C, & Plumbing",Dallas,+1 214-717-6708,channing@callmilestone.com,4.9,18972.0,https://callmilestone.com/dallas/plumbing/,https://demos.kinesiscreatives.com/dallas-milestone-electric-ac-plumbing.html
HVAC contractor,Houston,+1 281-408-2288,info@speedyhvacpros.com,5.0,9.0,http://speedyhvacpros.com/,https://demos.kinesiscreatives.com/houston-hvac-contractor.html
Air Tech of Houston AC & Plumbing,Houston,+1 832-680-5546,steveo8635@hotmail.com,4.9,5767.0,https://www.airtechofhouston.com/locations/houston-tx/%3Futm_source%3Dgoogle-gbp%26utm_medium%3Dorganic%26utm_campaign%3D*19*air-tech-houston,https://demos.kinesiscreatives.com/houston-air-tech-of-houston-ac-plumbing.html
Bellaire Air Conditioning,Houston,+1 713-428-2279,service@bellaireair.com,4.9,477.0,https://www.bellaireair.com/%3Futm_source%3Dgoogle%26utm_medium%3Dorganic%26utm_term%3Dgbp,https://demos.kinesiscreatives.com/houston-bellaire-air-conditioning.html
Houston HVAC,Houston,+1 346-772-7120,houstonhvac@proton.me,4.9,39.0,http://www.callhoustonhvac.com/,https://demos.kinesiscreatives.com/houston-houston-hvac.html
M&S Mechanical for AC and Heating,Houston,+1 713-489-3823,mands.ac.mechanical@gmail.com,4.7,97.0,https://ms-mechanical-ac.com/,https://demos.kinesiscreatives.com/houston-ms-mechanical-for-ac-and-heating.html
Hage Energy,Houston,+1 713-560-0600,hadi@hagenrg.com,5.0,204.0,https://www.hagenrg.com/,https://demos.kinesiscreatives.com/houston-hage-energy.html
The Lee Thompson Co,Houston,+1 713-688-6900,scott@leethompsonac.com,4.9,421.0,https://www.leethompsonac.com/,https://demos.kinesiscreatives.com/houston-the-lee-thompson-co.html
One Hour Air Conditioning & Heating® of Houston,Houston,+1 281-407-9754,rob.durose@onehourheat.com,4.8,10088.0,https://www.onehourheatandair.com/houston/%3Futm_source%3Dorganic%26utm_medium%3DGBP%26utm_campaign%3Dgbp_main,https://demos.kinesiscreatives.com/houston-one-hour-air-conditioning-heating-of-houston.html
75 Degree AC- Houston,Houston,+1 713-598-2737,75degreeacservices@gmail.com,5.0,221.0,https://75degreeac.com/%3Futm_source%3DGBP%26utm_medium%3DGBP%26utm_campaign%3DGBP,https://demos.kinesiscreatives.com/houston-75-degree-ac-houston.html
H-Town AC Repair HVAC services Houston,Houston,+1 832-404-2062,htownacrepair@gmail.com,4.8,262.0,https://htownacrepair.com/,https://demos.kinesiscreatives.com/houston-h-town-ac-repair-hvac-services-houston.html
Cool Techies,Houston,+1 832-400-5730,kriisty.ortiz@gmail.com,5.0,285.0,https://www.cooltechies.com/,https://demos.kinesiscreatives.com/houston-cool-techies.html
McCann Services Inc.,Houston,+1 713-597-8116,cann@mccannservices.com,4.9,27.0,https://www.mccannservices.com/,https://demos.kinesiscreatives.com/houston-mccann-services-inc.html
"All American AC & Heating, LLC.",Houston,+1 281-968-4505,allamericanacandheatusa@gmail.com,4.8,935.0,https://allamericanacandheat.com/,https://demos.kinesiscreatives.com/houston-all-american-ac-heating-llc.html
Royal Air Houston,Houston,+1 832-334-5959,jwood@royalairhouston.com,4.6,8300.0,https://www.royalairhouston.com/,https://demos.kinesiscreatives.com/houston-royal-air-houston.html
Turbo AC Repair Houston,Houston,+1 281-721-4008,roy@turbohomeservices.com,4.8,703.0,https://turbohomeservices.com/,https://demos.kinesiscreatives.com/houston-turbo-ac-repair-houston.html
Airtron Heating & Air Conditioning,Houston,+1 281-406-3331,jmoss@airtron.com,4.8,3613.0,https://airtron.com/houston/%3Futm_source%3Dgmb%26utm_medium%3Dgmb-organic%26utm_campaign%3Dgmb-houston,https://demos.kinesiscreatives.com/houston-airtron-heating-air-conditioning.html
Dynamic Flow AC & Heating,Houston,+1 281-401-9804,support@dynamicflowhvac.com,4.9,223.0,https://www.dynamicflowhvac.com/,https://demos.kinesiscreatives.com/houston-dynamic-flow-ac-heating.html
Houston Admiral Air,Houston,+1 281-862-8214,k.conley@goadmiral.com,4.7,576.0,http://goadmiral.com/,https://demos.kinesiscreatives.com/houston-houston-admiral-air.html
Uptown Heating & Air Conditioning,Houston,+1 832-709-0236,uptownair@gmail.com,4.8,2480.0,https://www.uptownac.com/,https://demos.kinesiscreatives.com/houston-uptown-heating-air-conditioning.html
Alief Ultra Mechanical,Houston,+1 281-277-7557,p.wickham@aliefheatingandairconditioning.com,4.7,128.0,https://www.aliefheatingandairconditioning.com/%3Futm_source%3Dgoogle%26utm_medium%3Dorganic%26utm_campaign%3Dgbp,https://demos.kinesiscreatives.com/houston-alief-ultra-mechanical.html
"All Star A/C, Plumbing & Electrical",Houston,+1 713-842-9532,plumbing@allstarplumbingohio.com,4.9,1802.0,https://allstarairtexas.com/,https://demos.kinesiscreatives.com/houston-all-star-ac-plumbing-electrical.html
Houston Smart Air Cooling and Heating,Houston,+1 281-809-6444,m.jahantash@houstonsmartair.com,4.9,152.0,https://www.houstonsmartair.com/,https://demos.kinesiscreatives.com/houston-houston-smart-air-cooling-and-heating.html
963 Wakefield Dr,Houston,+1 713-367-0098,needs@highperformancehomecompanies.com,5.0,68.0,https://highperformancehomesystems.com/,https://demos.kinesiscreatives.com/houston-963-wakefield-dr.html
Morgan Pro Services,Houston,+1 713-466-7426,admin@morganproservices.com,4.9,118.0,https://www.morganproservices.com/,https://demos.kinesiscreatives.com/houston-morgan-pro-services.html
G & W Service Company Inc,Houston,+1 713-227-3404,gwac@swbell.net,4.9,12.0,http://www.gwacservice.com/,https://demos.kinesiscreatives.com/houston-g-w-service-company-inc.html
Baker-Jones Co. Inc,Houston,+1 713-529-3418,bakerjones@sbcglobal.net,5.0,190.0,http://baker-jones.com/,https://demos.kinesiscreatives.com/houston-baker-jones-co-inc.html
HVAC HEROES,Houston,+1 281-757-3544,info@hvacheroestx.com,4.7,430.0,http://hvacheroestx.com/,https://demos.kinesiscreatives.com/houston-hvac-heroes.html
Economical Mechanical Services LLC,Houston,+1 832-954-7678,info@emshvactx.com,5.0,45.0,https://www.emshvactx.com/,https://demos.kinesiscreatives.com/houston-economical-mechanical-services-llc.html
Right Pro Cool & Heat,Houston,+1 281-729-8600,info@rightprohvacsolutions.com,5.0,3.0,https://rightprohvacsolutions.com/houston-tx/,https://demos.kinesiscreatives.com/houston-right-pro-cool-heat.html
Newmark Air Conditioning,Houston,+1 713-804-2121,contact@newmarkac.com,5.0,30.0,http://www.newmarkac.com/,https://demos.kinesiscreatives.com/houston-newmark-air-conditioning.html
ASAP AIR A/C and Heating,Houston,+1 713-862-1775,asapair@att.net,5.0,43.0,https://www.asapairhoustonac.com/,https://demos.kinesiscreatives.com/houston-asap-air-ac-and-heating.html
Environmental Air Systems Inc,Houston,+1 713-680-3274,service@environmentalair.com,5.0,76.0,http://www.environmentalair.com/,https://demos.kinesiscreatives.com/houston-environmental-air-systems-inc.html
HTM LLC,Houston,+1 713-239-2389,schedule@htmllc.net,5.0,11.0,http://www.houtexmechanical.com/,https://demos.kinesiscreatives.com/houston-htm-llc.html
Big Texas Comfort,Houston,+1 832-400-3123,info@bigtexascomfort.com,4.9,268.0,https://www.bigtexascomfort.com/%3Futm_campaign%3Dgmb,https://demos.kinesiscreatives.com/houston-big-texas-comfort.html
Air City AC & Heating LLC,Houston,+1 713-804-7005,aircity.hvac.tx@gmail.com,4.7,533.0,https://www.aircityacandheating.com/,https://demos.kinesiscreatives.com/houston-air-city-ac-heating-llc.html
K&R Mechanical Services,Houston,+1 281-408-9414,rconroy@kilgoreind.com,4.4,23.0,https://krmechanicalsvcs.com/,https://demos.kinesiscreatives.com/houston-kr-mechanical-services.html
Comflow Mechanical Services,Houston,+1 713-686-3600,cskinner@s-sservices.com,4.7,24.0,http://www.comflowco.com/,https://demos.kinesiscreatives.com/houston-comflow-mechanical-services.html
Champion and Nash,Spring,+1 713-360-0564,info@championandnash.com,4.9,1568.0,http://championandnash.com/,https://demos.kinesiscreatives.com/spring-champion-and-nash.html
Ace Comfort Air Conditioning & Heating,Houston,+1 281-658-5141,acecomfort.capital@gmail.com,5.0,175.0,http://www.acecomfort-tx.com/,https://demos.kinesiscreatives.com/houston-ace-comfort-air-conditioning-heating.html
Texas Strong Mechanical,Humble,+1 832-419-4488,info@texasstrongmechanical.com,4.9,250.0,https://texasstrongmechanical.com/hvac-services/hvac-repair-company-houston/%3Futm_source%3Dorganic%26utm_medium%3Dgmb,https://demos.kinesiscreatives.com/humble-texas-strong-mechanical.html
Horizon Air Solutions,Houston,+1 832-376-6279,jorge_bassante@yahoo.com,5.0,137.0,https://www.horizonairsolutions.com/,https://demos.kinesiscreatives.com/houston-horizon-air-solutions.html
Quick Fix AC and Heating,Houston,+1 832-229-1272,info@quickfixac.com,4.9,82.0,https://www.quickfixacandheating.com/,https://demos.kinesiscreatives.com/houston-quick-fix-ac-and-heating.html
"MB Mechanical, INC.",Houston,+1 281-999-6544,support@mbairheat.com,5.0,128.0,http://www.mbairconditioning.com/,https://demos.kinesiscreatives.com/houston-mb-mechanical-inc.html
"Airchampion Air Conditioning, Inc",Houston,+1 281-440-8077,john@airchampion.com,4.6,83.0,http://www.airchampion.com/,https://demos.kinesiscreatives.com/houston-airchampion-air-conditioning-inc.html
"Gray Mechanical Contractors, LLC",Houston,+1 281-820-2200,manuel.lopez@tdindustries.com,4.8,29.0,http://www.graymechanical.com/,https://demos.kinesiscreatives.com/houston-gray-mechanical-contractors-llc.html
Air Star Now,Houston,+1 713-597-4457,cheng@houstontx.gov,5.0,661.0,https://www.airstarnow.com/,https://demos.kinesiscreatives.com/houston-air-star-now.html
John Moore Services,Houston,+1 713-853-9881,john@cischemicals.co.uk,4.7,19165.0,https://www.johnmooreservices.com/%3Futm_source%3DGoogle%26utm_medium%3DGBP%26utm_campaign%3DOrganic_GBP_John_Moore,https://demos.kinesiscreatives.com/houston-john-moore-services.html
Air Pro,Houston,+1 713-881-9880,bobmonroe@sbcglobal.net,4.7,888.0,https://airprohouston.com/,https://demos.kinesiscreatives.com/houston-air-pro.html
"Abacus Plumbing, Air Conditioning, & Electrical",Houston,+1 713-812-7070,charlotte@abacus.com,4.7,11748.0,https://www.abacusplumbing.net/%3Futm_campaign%3Dgmb_ab-hou_home_everyone_gmb-houston%26utm_medium%3Dgmb%26utm_source%3Dgoogle,https://demos.kinesiscreatives.com/houston-abacus-plumbing-air-conditioning-electrical.html
Golden Rule,Houston,+1 281-500-7874,kymmiller@goldenrulecomfort.com,4.5,74.0,https://goldenrulecomfort.com/,https://demos.kinesiscreatives.com/houston-golden-rule.html
"Premier Mechanical, LLC.",Houston,+1 281-513-5980,ROBERT.FITTS@PREMIER-MECHANICAL.COM,5.0,2.0,http://premier-mechanical.com/,https://demos.kinesiscreatives.com/houston-premier-mechanical-llc.html
C&EM Technologies,Houston,+1 832-645-6229,contact@cemtechnologies.tech,5.0,2.0,https://cemtechnologies.tech/contact-us/,https://demos.kinesiscreatives.com/houston-cem-technologies.html
M E Brown Air Conditioning Company LLC,Houston,+1 713-939-9411,chris@globalsupplystore.com,4.9,301.0,https://mebrownac.com/,https://demos.kinesiscreatives.com/houston-m-e-brown-air-conditioning-company-llc.html
Cool Master Air-conditioning & Heating LLC,Houston,+1 281-868-8824,info@cool-master.us,4.8,100.0,https://cool-master.us/,https://demos.kinesiscreatives.com/houston-cool-master-air-conditioning-heating-llc.html
ARC Mechanical LLC,Houston,+1 832-493-8718,info@indiantypefoundry.com,4.9,16.0,https://arcmechanicalllc.com/,https://demos.kinesiscreatives.com/houston-arc-mechanical-llc.html
Vo's Air Services,Houston,+1 281-781-6875,info@vosairservices.com,4.6,20.0,https://vosairservices.com/,https://demos.kinesiscreatives.com/houston-vos-air-services.html
Service Experts Houston,Houston,+1 713-722-5000,stephen835@gmail.com,4.8,4450.0,https://www.churchservices.com/%3Futm_source%3Dgoogle-business-profile%26utm_medium%3Dorganic%26utm_campaign%3Dbusiness-listing%26utm_content%3Dchurch,https://demos.kinesiscreatives.com/houston-service-experts-houston.html
"Design Hvac Inc. "" Design Air""",Houston,+1 281-469-6048,mark@designhvacinc.com,4.2,15.0,http://designairhouston.com/,https://demos.kinesiscreatives.com/houston-design-hvac-inc-design-air.html
Excel Air,Houston,+1 713-300-2803,info@excelairconditioning.com,4.9,456.0,http://www.excelairconditioning.com/,https://demos.kinesiscreatives.com/houston-excel-air.html
Houston's A/C Express,Houston,+1 832-688-5868,dispatch@houstonsacexpresstx.com,3.5,47.0,https://www.houstonsacexpresstx.com/,https://demos.kinesiscreatives.com/houston-houstons-ac-express.html
Universal Home Experts,Houston,+1 713-581-6224,ed@universalhomeexperts.com,4.8,2353.0,https://www.universalhomeexperts.com/%3Futm_source%3DGMB%26utm_medium%3Dorganic%26utm_campaign%3Dhouston,https://demos.kinesiscreatives.com/houston-universal-home-experts.html
Texas cooling & heating services llc,Houston,+1 346-401-4903,txcoolingheating@gmail.com,5.0,8.0,http://txcoolingandheating.com/,https://demos.kinesiscreatives.com/houston-texas-cooling-heating-services-llc.html
"Polk Mechanical Company, LLC",Houston,+1 281-397-5800,bahia.ramirez@polkmechanical.com,4.3,13.0,http://www.polkmechanical.com/contact/,https://demos.kinesiscreatives.com/houston-polk-mechanical-company-llc.html
"Patriot Air Systems, LLC",Houston,+1 713-568-5736,general@patriotairpro.com,5.0,10.0,http://patriotairpro.com/,https://demos.kinesiscreatives.com/houston-patriot-air-systems-llc.html
Service Company,Houston,+1 281-297-8486,info@championandnash.com,4.7,473.0,https://championandnash.com/aircon,https://demos.kinesiscreatives.com/houston-service-company.html
Republic of Cold Houston - LLC Commercial and residential HVAC. Commercial kitchen equipment repair.,Houston,+1 832-591-8159,info@indiantypefoundry.com,5.0,5.0,https://www.republicofcold.ac/,https://demos.kinesiscreatives.com/houston-republic-of-cold-houston-llc-commercial-and-residential-hvac-commercial-kitchen-equipment-repair.html
"Dynamic Systems, Inc.",Houston,+1 281-631-9450,alyssanicoleh7@gmail.com,4.7,11.0,http://dsi.us/,https://demos.kinesiscreatives.com/houston-dynamic-systems-inc.html
"Master AC and Heat, LLC- The Heights",Houston,+1 713-750-9769,ruben@masteracandheat.com,4.8,165.0,http://masteracandheat.com/,https://demos.kinesiscreatives.com/houston-master-ac-and-heat-llc-the-heights.html
Houk Air Conditioning Houston,Houston,+1 409-345-3244,scottiequalls@thefreshmarket.com,4.6,752.0,https://houkac.com/service-areas/houston/%3Futm_source%3Dgbp%26utm_medium%3Dorganic,https://demos.kinesiscreatives.com/houston-houk-air-conditioning-houston.html
Superior Home Performance of Texas,Houston,+1 281-653-9844,sales@websearchpros.net,4.8,622.0,https://superiorperformancetx.com/,https://demos.kinesiscreatives.com/houston-superior-home-performance-of-texas.html
Be Cool AC & Heating,Houston,+1 832-906-6113,info@becoolachouston.com,5.0,580.0,https://becoolachouston.com/%3Futm_source%3Dgoogle%26utm_medium%3Dorganic%26utm_campaign%3Dgbp-listing,https://demos.kinesiscreatives.com/houston-be-cool-ac-heating.html
Maverick Enterprises,Houston,+1 281-444-5010,ben@maverickenterprises.net,,,http://www.maverickenterprises.net/,https://demos.kinesiscreatives.com/houston-maverick-enterprises.html
Westair Inc,Houston,+1 713-937-4010,awynn@westairac.com,5.0,94.0,https://westairac.com/,https://demos.kinesiscreatives.com/houston-westair-inc.html
Air Tech of Humble - Elite Comfort,Humble,+1 346-236-1240,dispatch@elitecomfortservices.com,4.9,2970.0,https://www.airtechofhumble.com/locations/humble-tx/%3Futm_source%3Dgoogle-gbp%26utm_medium%3Dorganic%26utm_campaign%3D*20*air-tech-humble,https://demos.kinesiscreatives.com/humble-air-tech-of-humble-elite-comfort.html
Kilgore Industries,Houston,+1 713-924-4900,jonathan@ravenmechanical.com,4.3,54.0,https://kilgoreind.com/locations/houston/,https://demos.kinesiscreatives.com/houston-kilgore-industries.html
HAR-CON Mechanical Contractors,Houston,+1 832-300-1060,cshelbyp@comcast.net,3.6,22.0,https://har-con.com/,https://demos.kinesiscreatives.com/houston-har-con-mechanical-contractors.html
Allen Maintenance Group LLC,Houston,+1 832-878-0520,customerservice@a-mg.com,5.0,2.0,https://www.a-mg.com/,https://demos.kinesiscreatives.com/houston-allen-maintenance-group-llc.html
Boyer HVAC,Houston,+1 832-552-4944,contact@boyerhvac.com,5.0,1.0,https://boyerhvac.com/about-us/,https://demos.kinesiscreatives.com/houston-boyer-hvac.html
Strive HVAC & Construction,Houston,+1 832-275-6615,info@strivehvac.com,5.0,67.0,http://www.strivehvac.com/,https://demos.kinesiscreatives.com/houston-strive-hvac-construction.html
Mission Air Conditioning & Plumbing,Houston,+1 281-502-2062,djl4p@virginia.edu,4.8,2855.0,https://www.missionac.com/locations/houston-tx/%3Futm_source%3Dgoogle%26utm_medium%3Dorganic%26utm_campaign%3Dgbp,https://demos.kinesiscreatives.com/houston-mission-air-conditioning-plumbing.html
Houston A/C and Heating Pros,Houston,+1 832-495-3034,houstonacandheatingpros@gmail.com,5.0,60.0,https://houstonairpros.com/,https://demos.kinesiscreatives.com/houston-houston-ac-and-heating-pros.html
All American Mechanical,Houston,+1 281-440-8852,K_Kilhman@allamericanmechanical.com,4.2,10.0,http://www.allamericanmechanical.com/,https://demos.kinesiscreatives.com/houston-all-american-mechanical.html
"Northwind Air Conditioning, Heating & Mechanical Services",Houston,+1 713-683-9474,jharris@northwindac.com,4.9,1052.0,https://www.northwindac.com/,https://demos.kinesiscreatives.com/houston-northwind-air-conditioning-heating-mechanical-services.html
Blazed Renaissance Contractors,Houston,+1 609-412-6701,services@blazedcontractors.com,5.0,7.0,https://blazedcontractors.com/,https://demos.kinesiscreatives.com/houston-blazed-renaissance-contractors.html
Uni-Serve Air Conditioning,Houston,+1 281-360-9898,admin@uniserveac.com,5.0,103.0,http://www.uniserveac.com/,https://demos.kinesiscreatives.com/houston-uni-serve-air-conditioning.html
L & M Air Conditioning & Heating,Houston,+1 713-367-5604,lmairandheating@gmail.com,4.6,10.0,https://lmairandheating.com/,https://demos.kinesiscreatives.com/houston-l-m-air-conditioning-heating.html
Just-N-Time AC and Heating,Houston,+1 281-908-4602,admin@justintimeaircondition.com,4.9,401.0,https://www.justintimeaircondition.com/%3Futm_source%3Dgoogle%26utm_medium%3Dbusiness_profile%26utm_campaign%3Dwebsite,https://demos.kinesiscreatives.com/houston-just-n-time-ac-and-heating.html
EZ Comfort Air Conditioning & Heating,Humble,+1 832-225-3738,ezcomfortac@gmail.com,4.9,1027.0,https://www.ezcomfortac.com/,https://demos.kinesiscreatives.com/humble-ez-comfort-air-conditioning-heating.html
Autumn Mechanical,Spring,+1 713-864-8368,customercare@autumnmechanical.com,4.5,93.0,https://autumnmechanical.com/,https://demos.kinesiscreatives.com/spring-autumn-mechanical.html
Cool Care Heating and Air Conditioning,Houston,+1 713-979-5132,info@coolcareac.com,5.0,334.0,https://www.coolcareac.com/%3Futm_source%3Dgbp%26utm_medium%3Dorganic,https://demos.kinesiscreatives.com/houston-cool-care-heating-and-air-conditioning.html
Lone Star Air Duct Cleaning Services,Houston,+1 832-430-1849,info@lonestarairductcleaningservices.com,5.0,5.0,https://lonestarairductcleaningservices.com/,https://demos.kinesiscreatives.com/houston-lone-star-air-duct-cleaning-services.html
ACS Commercial Svc LLC,Houston,+1 832-484-9700,info@acsfixit.com,4.5,2.0,https://acsfixit.net/,https://demos.kinesiscreatives.com/houston-acs-commercial-svc-llc.html
Positive Heating & Cooling Co,Houston,+1 281-918-7444,info@positiveresultsacservices.com,5.0,4.0,https://positiveresultsacservices.com/woodgate-tx/,https://demos.kinesiscreatives.com/houston-positive-heating-cooling-co.html
"Lange Mechanical Services, LP",Houston,+1 713-688-3861,customerservice@langemechanical.com,4.4,10.0,https://langemechanicalhouston.com/,https://demos.kinesiscreatives.com/houston-lange-mechanical-services-lp.html
Century A/C Supply,Houston,+1 832-249-7654,ricky.cheek@gmail.com,4.4,77.0,http://www.centuryac.com/,https://demos.kinesiscreatives.com/houston-century-ac-supply.html
"JMV Air Solutions, LLC",Houston,+1 281-972-8331,jmvmechanical@gmail.com,4.8,130.0,https://jmvairsolutionsllc.com/,https://demos.kinesiscreatives.com/houston-jmv-air-solutions-llc.html
Sugar Land AC and Heating,Houston,+1 346-763-6305,info@sugarlandacandheating.com,5.0,153.0,https://sugarlandacandheating.com/,https://demos.kinesiscreatives.com/houston-sugar-land-ac-and-heating.html
Aire Serv of Houston Northwest,Cypress,+1 832-730-2544,doyle.james@dwyergroup.com,4.9,657.0,https://www.aireserv.com/houston-northwest/%3Fcid%3DLSTL_ASV-US000187%26utm_source%3Dgmb%26utm_campaign%3Dlocal%26utm_medium%3Dorganic,https://demos.kinesiscreatives.com/cypress-aire-serv-of-houston-northwest.html
The Training Center Of Air Conditioning & Heating,Houston,+1 281-580-4239,christheacman@sbcglobal.net,4.9,180.0,http://thetrainingcenterofairconditioningandheating.com/,https://demos.kinesiscreatives.com/houston-the-training-center-of-air-conditioning-heating.html
IGD Plumbing & Air,Houston,+1 832-402-7405,igdflow@igdplumbing.com,4.4,554.0,https://www.igdplumbing.com/,https://demos.kinesiscreatives.com/houston-igd-plumbing-air.html
"Precise Technical Services, Inc",Spring,+1 281-440-6666,info@ptsmechanical.com,4.7,53.0,https://www.ptsmechanical.com/,https://demos.kinesiscreatives.com/spring-precise-technical-services-inc.html
Valderrama A/C & Refrigeration,South Houston,+1 281-974-4599,valderramaac@yahoo.com,4.8,300.0,https://www.valderramainc.com/,https://demos.kinesiscreatives.com/south-houston-valderrama-ac-refrigeration.html
Aardvark Air Conditioning & Heating,Houston,+1 281-955-1163,jguerry@aardvarkcares.com,4.3,6.0,http://www.aardvarkcares.com/,https://demos.kinesiscreatives.com/houston-aardvark-air-conditioning-heating.html
Hvac commercial services Inc.,Houston,+1 832-364-5507,hvacservices74@yahoo.com,5.0,12.0,https://hvaccommericalserviceinc.com/,https://demos.kinesiscreatives.com/houston-hvac-commercial-services-inc.html
ACS Commercial Service LLC,Houston,+1 800-776-5211,anthony.tallerine@acsfixit.com,4.6,11.0,http://www.acsfixit.com/,https://demos.kinesiscreatives.com/houston-acs-commercial-service-llc.html
Ethan Clark Air Conditioning,Houston,+1 713-236-1119,mneese1973@hotmail.com,5.0,173.0,http://www.ethanclark.com/,https://demos.kinesiscreatives.com/houston-ethan-clark-air-conditioning.html
HVAC Repair Champions,Houston,+1 713-885-9043,jane.doe@usmapid.org,5.0,25.0,https://usmapid.org/details/hvac-repair-champions-ChIJKZN,https://demos.kinesiscreatives.com/houston-hvac-repair-champions.html
HTS Texas,Houston,+1 832-328-1010,andys@htseng.com,4.2,37.0,https://www.hts.com/texas/%3Fl%3Dhouston,https://demos.kinesiscreatives.com/houston-hts-texas.html
"Hansco Heating AC & Refrigeration, LTD.",Houston,+1 713-944-0140,stephen@hanscohvacr.com,4.0,5.0,http://www.hanscohvacr.com/,https://demos.kinesiscreatives.com/houston-hansco-heating-ac-refrigeration-ltd.html
Lakewood A/C,Houston,+1 832-559-1132,lakewoodac@gmail.com,4.5,61.0,http://www.lakewoodacrepair.com/,https://demos.kinesiscreatives.com/houston-lakewood-ac.html
Gilbert's Air Specialists,Houston,+1 713-242-1368,chris@gilbertsac.com,4.7,179.0,http://www.gilbertsac.com/%3Futm_campaign%3Dgmb,https://demos.kinesiscreatives.com/houston-gilberts-air-specialists.html
JK AC & Heating Services,Houston,+1 281-857-5474,info@jk-hvac.com,5.0,10.0,http://www.jk-hvac.com/,https://demos.kinesiscreatives.com/houston-jk-ac-heating-services.html
J & K A/C & HEATING,Waller,+1 346-708-0384,jkacht@netzero.net,4.8,16.0,http://www.jkacht.com/,https://demos.kinesiscreatives.com/waller-j-k-ac-heating.html
RWC Refrigerated Warehouse Construction,Houston,+1 844-838-5300,a.hassinger@rwccold.com,4.3,7.0,http://www.rwccold.com/,https://demos.kinesiscreatives.com/houston-rwc-refrigerated-warehouse-construction.html
AC Comfort,Houston,+1 832-280-4594,accomfort@aircoolusa.com,4.9,406.0,https://www.accomfort.us/%3Futm_source%3Dgbp%26utm_medium%3Dorganic,https://demos.kinesiscreatives.com/houston-ac-comfort.html
"Gregory-Edwards, Inc",Houston,+1 713-523-6618,bmwd2@consolidated.net,5.0,6.0,https://www.geimech.com/,https://demos.kinesiscreatives.com/houston-gregory-edwards-inc.html
Chimney Rock Service,Houston,+1 713-782-0789,ilwain@chimneyrockac.com,5.0,57.0,https://chimneyrockac.com/%3Futm_source%3Dgoogle%26utm_medium%3DGoogle_website,https://demos.kinesiscreatives.com/houston-chimney-rock-service.html
Houston Pure Air,Houston,+1 832-405-7449,jc@pureairs.com,4.6,9.0,http://www.houstonpureairconditioning.com/,https://demos.kinesiscreatives.com/houston-houston-pure-air.html
Phil's Good A/C & Heating,Houston,+1 832-856-0686,tjohn@philsgoodhvac.com,3.9,231.0,https://philsgoodhvac.com/,https://demos.kinesiscreatives.com/houston-phils-good-ac-heating.html
OneCall Houston,Houston,+1 713-322-8274,amedrano@onecallhouston.com,4.8,1310.0,https://onecallhouston.com/greater-houston-hvac-plumbing-and-electrical-contractor/%3Futm_source%3Dgoogle-gbp%26utm_medium%3Dorganic%26utm_campaign%3D*439*one-call-houston,https://demos.kinesiscreatives.com/houston-onecall-houston.html
Nick's Plumbing & Air Conditioning,Houston,+1 713-868-9907,richards@nicksplumbing.com,4.7,4047.0,https://www.nicksplumbing.com/,https://demos.kinesiscreatives.com/houston-nicks-plumbing-air-conditioning.html
Premier Air Conditioning & Heating,Houston,+1 713-682-0888,premierac@sbcglobal.net,4.0,63.0,http://www.premieracandheat.com/,https://demos.kinesiscreatives.com/houston-premier-air-conditioning-heating.html
J W East Mechanical,Houston,+1 281-550-9300,jim@jweastmechanical.com,5.0,4.0,https://www.jweastmechanical.com/,https://demos.kinesiscreatives.com/houston-j-w-east-mechanical.html
Mairathon Cooling and Heating,Magnolia,+1 713-808-5408,ac@mairathon.com,5.0,53.0,https://www.mairathon.com/,https://demos.kinesiscreatives.com/magnolia-mairathon-cooling-and-heating.html
Dalco,Dallas,+1 214-381-1445,phelander@dalcoac.com,4.4,41.0,http://www.dalcoac.com/,https://demos.kinesiscreatives.com/dallas-dalco.html
Absolute Comfort Mechanical LLC,Dallas,+1 214-900-2533,team@latofonts.com,5.0,54.0,http://absolutecomfortmechanical.com/,https://demos.kinesiscreatives.com/dallas-absolute-comfort-mechanical-llc.html
M. B. Kiser Heating & Air Conditioning Co. Inc.,Dallas,+1 214-823-9958,sshel@mbkiser.com,4.8,36.0,https://mbkiser.com/,https://demos.kinesiscreatives.com/dallas-m-b-kiser-heating-air-conditioning-co-inc.html
Moss Heating & Cooling,Dallas,+1 972-733-6802,sales@mossmechanical.com,4.9,947.0,https://www.askmoss.com/%3Futm_source%3Dgoogle%26utm_medium%3Dgbp%26se_campaign%3DGBP,https://demos.kinesiscreatives.com/dallas-moss-heating-cooling.html
A-Anderson A/C Electric & Heating Company,Dallas,+1 469-556-3958,msmith@earthsalesgroup.com,3.7,3.0,https://www.aandersonairconditioning.com/,https://demos.kinesiscreatives.com/dallas-a-anderson-ac-electric-heating-company.html
New Generation Mechanical,Dallas,+1 972-830-9900,roweperez@yahoo.com,4.3,41.0,http://www.newgenm.com/,https://demos.kinesiscreatives.com/dallas-new-generation-mechanical.html
Kahn Mechanical Contractors,Dallas,+1 214-831-5551,d_mansour@sbcglobal.net,4.2,13.0,https://kahnmechanical.com/,https://demos.kinesiscreatives.com/dallas-kahn-mechanical-contractors.html
Town East Heating & Air Conditioning,Dallas,+1 972-289-1654,jim@tehvac.com,3.7,43.0,http://www.tehvac.com/,https://demos.kinesiscreatives.com/dallas-town-east-heating-air-conditioning.html
Integrity Air Conditioning,Mesquite,+1 972-734-1428,rschnitzer@integrityairconditioning.com,4.9,745.0,https://www.integrityairconditioning.com/%3Futm_source%3Dgoogle%26utm_medium%3Dorganic%26utm_campaign%3Dgbp,https://demos.kinesiscreatives.com/mesquite-integrity-air-conditioning.html
Happel Mechanical,Dallas,+1 214-538-9225,happelmechanical@yahoo.com,4.9,151.0,https://happelmechanical.com/,https://demos.kinesiscreatives.com/dallas-happel-mechanical.html
Cactus Cooling & Heating,Dallas,+1 214-817-0448,support@cactuscoolingheating.com,4.9,67.0,http://www.cactuscoolingheating.com/%3Futm_campaign%3Dgmb,https://demos.kinesiscreatives.com/dallas-cactus-cooling-heating.html
Tiger Air and Heating,Dallas,+1 214-214-6922,info@tigerairtx.com,5.0,465.0,http://www.tigerairtx.com/%3Futm_source%3Dgoogle%26utm_medium%3Dorganic%26utm_campaign%3Dgbp,https://demos.kinesiscreatives.com/dallas-tiger-air-and-heating.html
Blue Ladder Heating & Cooling,Dallas,+1 214-817-1707,info@blueladderhvac.com,5.0,15.0,https://dfw.blueladderhvac.com/,https://demos.kinesiscreatives.com/dallas-blue-ladder-heating-cooling.html
Hooper Plumbing & Air Conditioning,Dallas,+1 214-761-6820,cosmas@hooperplumbing.com,4.8,442.0,https://www.hooperplumbing.com/,https://demos.kinesiscreatives.com/dallas-hooper-plumbing-air-conditioning.html
Mathis Air & Heat LLC,Mesquite,+1 972-279-4266,jim@kennedy-financial.com,4.8,43.0,https://mathisair.com/%3Futm_source%3DGBP%26utm_medium%3Dorganic,https://demos.kinesiscreatives.com/mesquite-mathis-air-heat-llc.html
"MIINC, L.P.",Dallas,+1 214-575-9600,bjackson@miinclp.net,4.6,41.0,http://miinclp.com/,https://demos.kinesiscreatives.com/dallas-miinc-lp.html
Strong Frame Air Conditioning,Dallas,+1 972-634-0621,Cfitzg6505@aol.Com,5.0,4.0,https://sites.google.com/view/strongframeelectrician/home,https://demos.kinesiscreatives.com/dallas-strong-frame-air-conditioning.html
Discount Air Conditioning & Heating,Dallas,+1 214-371-2226,discountairconditioningandheat@yahoo.com,5.0,10.0,https://www.discountacandheating.com/%3Futm_source%3Dgoogle%26utm_medium%3Dwix_google_business_profile%26utm_campaign%3D9834771990545191597,https://demos.kinesiscreatives.com/dallas-discount-air-conditioning-heating.html
"Wilson Heating, Air & Plumbing, now part of A-Star Air Conditioning, Plumbing & Electric",Dallas,+1 214-655-2665,edgar@astardfw.com,3.3,44.0,http://astardfw.com/,https://demos.kinesiscreatives.com/dallas-wilson-heating-air-plumbing-now-part-of-a-star-air-conditioning-plumbing-electric.html
Heat Wave HVAC,Dallas,+1 469-355-4958,heatwaveac@outlook.com,5.0,17.0,https://www.heatwavetx.com/,https://demos.kinesiscreatives.com/dallas-heat-wave-hvac.html
On Time Experts,Dallas,+1 469-581-0427,mdaitch@theontimeexperts.com,3.1,18.0,https://www.theontimeexperts.com/%3Futm_source%3Dgoogle%26utm_medium%3Dorganic%26utm_campaign%3DGMBListing-Dallas-TX,https://demos.kinesiscreatives.com/dallas-on-time-experts.html
Public Service Plumbers,Dallas,+1 214-831-1959,margaret@publicserviceplumbers.com,4.9,1800.0,https://publicserviceplumbers.com/%3Futm_source%3Dgoogle-gbp%26utm_medium%3Dorganic%26utm_campaign%3D*163*public-service-plumbers-dallas,https://demos.kinesiscreatives.com/dallas-public-service-plumbers.html
White Rock Air Conditioning & Heating LLC,Mesquite,+1 972-270-7058,whiterockac@gmail.com,4.8,21.0,http://www.whiterockairconditioning.com/,https://demos.kinesiscreatives.com/mesquite-white-rock-air-conditioning-heating-llc.html
HVAC Expert,Dallas,+1 469-715-4378,info@hvacexpertnearme.net,5.0,3.0,http://hvacexpertnearme.net/,https://demos.kinesiscreatives.com/dallas-hvac-expert.html
HVAC Services and Repair,Dallas,+1 469-564-5918,info@hvacserviceandrepair.net,5.0,11.0,http://hvacserviceandrepair.net/,https://demos.kinesiscreatives.com/dallas-hvac-services-and-repair.html
All Around HVAC,Dallas,+1 469-654-3351,info@allaroundhvac.net,5.0,4.0,http://allaroundhvac.net/,https://demos.kinesiscreatives.com/dallas-all-around-hvac.html
My Cooling Company,Dallas,+1 469-623-8686,info@mycoolingcompany.com,,,https://mycoolingcompany.com/,https://demos.kinesiscreatives.com/dallas-my-cooling-company.html
Frymire Home Services,Dallas,+1 469-759-1046,garymerlino@gmccinc.com,4.8,4599.0,https://www.frymire.com/%3Futm_source%3Dgoogle%26utm_medium%3Dorganic%26utm_campaign%3DGMBListing-Dallas-TX,https://demos.kinesiscreatives.com/dallas-frymire-home-services.html
24hour HVAC,Dallas,+1 469-658-7251,info@24hourhvacnearme.com,5.0,6.0,http://24hourhvacnearme.com/,https://demos.kinesiscreatives.com/dallas-24hour-hvac.html
billyGO Air Conditioning & Plumbing,Dallas,+1 214-267-9944,info@billygo.com,4.7,1322.0,https://www.billygo.com/service-area/dallas-tx/,https://demos.kinesiscreatives.com/dallas-billygo-air-conditioning-plumbing.html
The Colony HVAC,Dallas,+1 469-599-4967,info@thecolonyhvac.com,5.0,2.0,http://thecolonyhvac.com/,https://demos.kinesiscreatives.com/dallas-the-colony-hvac.html
Airstar Services,Mesquite,+1 214-343-0911,roger@airstarservices.com,3.8,97.0,https://airstarservices.com/%3Futm_source%3DWebsite%26utm_medium%3DGMB,https://demos.kinesiscreatives.com/mesquite-airstar-services.html
"Blue Box Air, Inc",Dallas,+1 424-241-3060,jeremy@blueboxair.com,4.0,4.0,https://blueboxair.com/,https://demos.kinesiscreatives.com/dallas-blue-box-air-inc.html
Tempo Air,Irving,+1 972-579-2000,kristin@tempo.io,4.7,1839.0,https://tempoair.com/%3Futm_source%3Dgoogle%26utm_medium%3Dorganic%26utm_campaign%3Dgmb,https://demos.kinesiscreatives.com/irving-tempo-air.html
Ferguson HVAC Supply,Dallas,+1 214-221-0012,jean.cordova@ferginc.com,4.8,20.0,https://www.ferguson.com/store/tx/dallas/hvac-1504%3Futm_source%3Dgoogle%26utm_medium%3Dorganic%26utm_campaign%3Dhvac_lis_listingtraffic%26utm_content%3Dlisting,https://demos.kinesiscreatives.com/dallas-ferguson-hvac-supply.html
Dallas HVAC Parts,Garland,+1 214-341-0063,dallashvacparts@gmail.com,4.9,561.0,https://www.dallashvacparts.com/,https://demos.kinesiscreatives.com/garland-dallas-hvac-parts.html
1st Choice Air Duct Cleaning Dallas,Dallas,+1 469-908-8781,service@1stchoiceairductcleaningdallas.com,4.9,44.0,https://1stchoiceairductcleaningdallas.com/,https://demos.kinesiscreatives.com/dallas-1st-choice-air-duct-cleaning-dallas.html
Clean Air Dallas Pro,Dallas,+1 214-935-5058,service@cleanairdallaspro.com,4.9,54.0,https://cleanairdallaspro.com/,https://demos.kinesiscreatives.com/dallas-clean-air-dallas-pro.html
Cool Mechanical,Dallas,+1 972-366-5316,service@coolairtx.com,4.4,216.0,http://www.coolairtx.com/,https://demos.kinesiscreatives.com/dallas-cool-mechanical.html
Whitecap Mechanical,Dallas,+1 972-373-4740,rinojosa@whitecapmechanical.com,5.0,4.0,http://whitecapmechanical.com/,https://demos.kinesiscreatives.com/dallas-whitecap-mechanical.html
"Citi-Air Service, Inc.",Dallas,+1 214-570-8068,info@citi-air.com,3.7,3.0,https://citi-air.com/,https://demos.kinesiscreatives.com/dallas-citi-air-service-inc.html
Quick Thermador repair service,Dallas,+1 469-325-1166,info@thefixerrepairs.com,4.6,22.0,https://thefixerrepairs.com/,https://demos.kinesiscreatives.com/dallas-quick-thermador-repair-service.html
Trane Portable Rentals,Dallas,+1 972-406-6026,KSTOESER@AEROTEK.COM,3.0,2.0,http://www.trane.com/commercial/north-america/us/en/services/rental-services/applications.html,https://demos.kinesiscreatives.com/dallas-trane-portable-rentals.html
Jayce & Sons Air Duct Cleaning,Dallas,+1 469-871-7770,info@powerducts.com,4.8,51.0,https://powerairducts.site/,https://demos.kinesiscreatives.com/dallas-jayce-sons-air-duct-cleaning.html
"Xtreme Air Services - HVAC, Plumbing, & Electrical",Sunnyvale,+1 972-288-2263,eddy@xtremeairservices.com,4.8,2543.0,https://xtremeairservices.com/%3Futm_source%3DGoogle%26utm_medium%3DOrganic%26utm_campaign%3DGBP,https://demos.kinesiscreatives.com/sunnyvale-xtreme-air-services-hvac-plumbing-electrical.html
5 Star HVAC Contractors,Rowlett,+1 972-848-9414,jose@5starhvaccontractors.com,4.9,1140.0,https://5starhvaccontractors.com/,https://demos.kinesiscreatives.com/rowlett-5-star-hvac-contractors.html
Precision Plumbing Solutions,Dallas,+1 972-521-1635,precisionplumbinghtx@gmail.com,5.0,14.0,https://www.precision-plumbing-solutions.com/home,https://demos.kinesiscreatives.com/dallas-precision-plumbing-solutions.html
Z Plumberz of North Dallas,Dallas,+1 972-573-8778,info@zplumberz.com,4.8,79.0,https://www.zplumberz.com/north-dallas/%3Futm_campaign%3Dgmb,https://demos.kinesiscreatives.com/dallas-z-plumberz-of-north-dallas.html
Rapid Response AC Services,Dallas,+1 469-213-3979,rapidresponse.sherman@gmail.com,4.9,51.0,https://www.rapidresponseacservices.com/,https://demos.kinesiscreatives.com/dallas-rapid-response-ac-services.html
American HVAC Staff LLC,Houston,+1 713-517-2832,info@americanhvacstaff.com,5.0,14.0,http://www.americanhvacstaff.com/,https://demos.kinesiscreatives.com/houston-american-hvac-staff-llc.html
Spring Branch AC,Houston,+1 713-937-6739,chris@springbranchair.com,4.9,366.0,https://www.springbranchac.com/,https://demos.kinesiscreatives.com/houston-spring-branch-ac.html
"Emanuel Air Systems, Inc.",Houston,+1 832-981-6375,houstontxhvac@gmail.com,5.0,5.0,https://www.emanuelairsystem.com/,https://demos.kinesiscreatives.com/houston-emanuel-air-systems-inc.html
Aire Serv of Central & West Houston,Houston,+1 832-432-7888,doyle.james@dwyergroup.com,4.9,196.0,https://aireserv.com/central-west-houston/%3Fcid%3DLSTL_ASV-US000187%26utm_source%3Dgmb%26utm_campaign%3Dlocal%26utm_medium%3Dorganic,https://demos.kinesiscreatives.com/houston-aire-serv-of-central-west-houston.html
24 Seven AC,Houston,+1 713-832-5545,sales@24sevenac.net,4.9,330.0,https://24sevenac.net/%3Futm_campaign%3Dgmb,https://demos.kinesiscreatives.com/houston-24-seven-ac.html
"Air Current AC & Heat, LLC",Houston,+1 713-459-2971,stan@aircurrenthouston.com,5.0,168.0,https://www.aircurrenthouston.com/,https://demos.kinesiscreatives.com/houston-air-current-ac-heat-llc.html
Rotex Ac and Heating,Houston,+1 281-741-7382,rotex.ac@gmail.com,4.9,231.0,https://rotex-hvac.com/new-air-conditioning/,https://demos.kinesiscreatives.com/houston-rotex-ac-and-heating.html
Max Comfort AC,Houston,+1 832-816-7433,info@maxcomfortac.com,4.0,42.0,https://www.maxcomfortac.com/en/%3Futm_campaign%3Dgmb,https://demos.kinesiscreatives.com/houston-max-comfort-ac.html
The Temperature Company,Houston,+1 832-779-6614,service@temperaturecompany.com,4.8,55.0,http://www.temperaturecompany.com/,https://demos.kinesiscreatives.com/houston-the-temperature-company.html
AC Man Houston,Katy,+1 713-460-2653,d.downey@acmanhouston.com,4.8,45.0,http://www.acmanhouston.com/,https://demos.kinesiscreatives.com/katy-ac-man-houston.html
ARS / Rescue Rooter,Houston,+1 713-428-2700,enriquem@arsawardsandgifts.com,4.6,11615.0,https://www.ars.com/houston%3Futm_source%3Dgoogle%26utm_medium%3Dgbp%26utm_campaign%3Dlocal_seo%26utm_content%3Dgbp_website_click,https://demos.kinesiscreatives.com/houston-ars-rescue-rooter.html
Houston Air Conditioning AC & Heating Repair Co.,Houston,+1 346-460-6556,info@domain.com,4.8,19.0,https://airconditioningandheatingofhoustonco.com/%3Futm_source%3Dgoogle%26utm_medium%3Dorganic,https://demos.kinesiscreatives.com/houston-houston-air-conditioning-ac-heating-repair-co.html
Texas Central Air,Houston,+1 281-727-0327,wmarshall@texascentralair.com,4.7,16.0,http://www.texascentralair.com/,https://demos.kinesiscreatives.com/houston-texas-central-air.html
Punbar Air,Houston,+1 832-736-4432,john@punbarair.com,4.9,385.0,https://www.punbarair.com/,https://demos.kinesiscreatives.com/houston-punbar-air.html
Glacial Air Systems,Houston,+1 832-231-2859,tglacialairsystems@hotmail.com,5.0,7.0,https://www.glacialairsystems.com/%3Futm_source%3Dgoogle%26utm_medium%3Dgbp%26utm_campaign%3Dmap,https://demos.kinesiscreatives.com/houston-glacial-air-systems.html
Hunton Group,Houston,+1 713-266-3900,aivy@huntongroup.com,4.5,43.0,http://www.huntongroup.com/,https://demos.kinesiscreatives.com/houston-hunton-group.html
Courtesy Air Conditioning & Heating,Houston,+1 281-496-9450,bcs4981@yahoo.com,5.0,208.0,http://www.courtesyaconline.com/%3Futm_source%3DGMBlisting%26utm_medium%3Dorganic,https://demos.kinesiscreatives.com/houston-courtesy-air-conditioning-heating.html
Sears Heating and Air Conditioning,Houston,+1 469-656-4185,john.gary@searshomepro.com,3.1,7.0,https://www.searshomeservices.com/repair/hvac-repair-service%3Futm_campaign%3DGMBhomeimprovement%26utm_medium%3Dorganic%26utm_source%3DGMBlisting%26SID%3D1034892%26phone%3D4696564185,https://demos.kinesiscreatives.com/houston-sears-heating-and-air-conditioning.html
Houston North Airconditioning,Houston,+1 713-692-7702,adickerson@houstonnorth.com,3.7,14.0,http://www.houstonnorth.com/,https://demos.kinesiscreatives.com/houston-houston-north-airconditioning.html
"Village Plumbing, Air & Electric",Houston,+1 281-607-5357,rodrick.joyner@johnmooreservices.com,4.8,9693.0,https://villageplumbing.com/%3Futm_source%3Dgoogle%26utm_medium%3Dgmb%26utm_campaign%3DGoogle%2520Business%2520Profile,https://demos.kinesiscreatives.com/houston-village-plumbing-air-electric.html
CS Mechanical Co,Houston,+1 346-449-5083,info@csmechanical.co,4.1,28.0,https://www.csmechanical.co/,https://demos.kinesiscreatives.com/houston-cs-mechanical-co.html
Airflow AC & Heating,Houston,+1 713-930-3065,airflowair247@gmail.com,4.6,58.0,https://www.airflow247.com/,https://demos.kinesiscreatives.com/houston-airflow-ac-heating.html
Coastal HVAC Supply - Houston Northcourt,Houston,+1 713-996-9227,casianojoe@yahoo.com,4.9,112.0,http://www.coastalhvacsupply.com/,https://demos.kinesiscreatives.com/houston-coastal-hvac-supply-houston-northcourt.html
"DEEM, LLC",Houston,+1 713-290-0675,kimmilburn@hotmail.com,3.4,8.0,https://deemfirst.com/locations/,https://demos.kinesiscreatives.com/houston-deem-llc.html
airco duct cleaninghouston,Houston,+1 281-766-8633,service@aircoductcleaninghouston.com,5.0,1.0,https://aircoductcleaninghouston.com/contact-us.html,https://demos.kinesiscreatives.com/houston-airco-duct-cleaninghouston.html
"Scanlan & Sons Plumbing, Heating and Air Conditioning Co.",Houston,+1 713-464-4189,alankrinickas4@gmail.com,2.6,7.0,http://host.trustab.org/scanlanandsonsplumbing,https://demos.kinesiscreatives.com/houston-scanlan-sons-plumbing-heating-and-air-conditioning-co.html
J & V Air Conditioning LLC,Houston,+1 713-628-2039,vasqtony@sbcglobal.net,3.7,3.0,https://www.jvaircondition.com/,https://demos.kinesiscreatives.com/houston-j-v-air-conditioning-llc.html
Bazil Air Conditioning and Heating,Houston,+1 832-217-6579,bazilac20@gmail.com,5.0,72.0,https://www.bazilac.com/%3Futm_source%3Dgmb%26utm_medium%3Dorganic%26utm_campaign%3Dgmb,https://demos.kinesiscreatives.com/houston-bazil-air-conditioning-and-heating.html
Expert Climate Control,Houston,+1 346-999-0023,ecc@expertclimates.com,4.8,84.0,http://expertclimates.com/,https://demos.kinesiscreatives.com/houston-expert-climate-control.html
CE (Carrier Enterprise),Houston,+1 713-868-3100,t_sepu@hotmail.com,4.3,70.0,https://www.carrierenterprise.com/%3Futm_source%3Dgmb%26utm_medium%3Dorganic%26utm_campaign%3D3759,https://demos.kinesiscreatives.com/houston-ce-carrier-enterprise.html
Du-West Air Conditioning,Pasadena,+1 713-475-0004,kenny@du-west.com,5.0,165.0,https://www.du-west.com/ac-and-heating/%3Futm_source%3DGBP%26utm_medium%3Dorganic%26utm_campaign%3Dgooglebusiness,https://demos.kinesiscreatives.com/pasadena-du-west-air-conditioning.html
Stafford Air of Bellaire,Houston,+1 713-667-3281,staffordservices@yahoo.com,5.0,162.0,http://www.staffordac.com/%3Futm_source%3Dgoogle%26utm_medium%3Dorganic%26utm_campaign%3Dgbp,https://demos.kinesiscreatives.com/houston-stafford-air-of-bellaire.html
Astro-Tex Air Conditioning & Heating,Houston,+1 713-451-9999,info@astrotexair.com,4.9,30.0,http://www.astrotexair.com/,https://demos.kinesiscreatives.com/houston-astro-tex-air-conditioning-heating.html
Air Of Houston,Spring,+1 281-890-0990,info@airofhouston.com,4.8,320.0,https://www.airofhouston.com/%3Futm_campaign%3Dgmb,https://demos.kinesiscreatives.com/spring-air-of-houston.html
Clean Air Houston Pro,Houston,+1 832-737-8500,service@cleanairhoustonpro.net,4.7,124.0,https://cleanairhoustonpro.com/,https://demos.kinesiscreatives.com/houston-clean-air-houston-pro.html
Comfort Systems USA Inc.,Houston,+1 713-830-9600,pduke@calcsusa.com,4.7,3.0,http://www.comfortsystemsusa.com/,https://demos.kinesiscreatives.com/houston-comfort-systems-usa-inc.html
McMillan James Equipment Company,Houston,+1 832-377-3275,hr@pbkarchitectsinc.com,5.0,2.0,http://www.mjec.com/houston/,https://demos.kinesiscreatives.com/houston-mcmillan-james-equipment-company.html
"J & S Mechanical Contractors, Inc.",Houston,+1 713-956-5555,info@j-smech.com,4.7,13.0,http://www.jandsmechanicalhouston.com/,https://demos.kinesiscreatives.com/houston-j-s-mechanical-contractors-inc.html
Absolute Comfort,Houston,+1 713-668-0727,dylan.simoff@absolutecomfortair.com,4.3,6.0,https://www.absolutecomfortair.com/contact/,https://demos.kinesiscreatives.com/houston-absolute-comfort.html
commercialplumbinghoustontx,Houston,+1 281-393-7418,service@commercialplumbinghoustontx.com,5.0,4.0,https://commercialplumbinghoustontx.com/contact-us.html,https://demos.kinesiscreatives.com/houston-commercialplumbinghoustontx.html
Du-West Foundation Repair,Pasadena,+1 713-473-7156,kenny@du-west.com,4.8,111.0,https://www.du-west.com/houston/%3Futm_source%3DGBP%26utm_medium%3Dorganic%26utm_campaign%3Dgooglebusiness,https://demos.kinesiscreatives.com/pasadena-du-west-foundation-repair.html
RLC Services,Houston,+1 281-858-5465,rlcrodolfo@yahoo.com,4.2,216.0,http://rlcservicestx.com/,https://demos.kinesiscreatives.com/houston-rlc-services.html
IntegrateSun,Houston,+1 855-999-1850,waqas@integratesun.com,4.3,290.0,https://integratesun.com/,https://demos.kinesiscreatives.com/houston-integratesun.html
AMS of Houston,Stafford,+1 281-403-1701,amsofhoutxinfo@amsofusa.com,3.7,3.0,https://www.amsofhoutx.com/,https://demos.kinesiscreatives.com/stafford-ams-of-houston.html
Harris County Purchasing Services and Warehouse,Houston,+1 713-274-1440,efaxpurchasing@hctx.net,3.5,4.0,https://purchasing.harriscountytx.gov/,https://demos.kinesiscreatives.com/houston-harris-county-purchasing-services-and-warehouse.html
The Home Depot,Spring Valley Village,+1 713-984-2741,saber32@excite.com,4.2,1927.0,https://www.homedepot.com/l/Spring-Valley/TX/Houston/77024/6985%3Femt%3DMSEN%3Femt%3DMSGoogleMaps,https://demos.kinesiscreatives.com/spring-valley-village-the-home-depot.html
Amer HVAC Services,Houston,+1 832-660-5699,amerhvacservices@gmail.com,4.7,,https://amerhvacservices.com/,https://demos.kinesiscreatives.com/houston-amer-hvac-services.html
QUALITY AIR DUCT CLEANING HOUSTON,Houston,+1 832-402-9466,qualityairductcleaninghouston@gmail.com,5.0,,https://qualityairductcleaninghouston.com/,https://demos.kinesiscreatives.com/houston-quality-air-duct-cleaning-houston.html
Power Vac America,Houston,+1 713-645-4611,info@powervacamerica.com,4.9,,https://powervacamerica.com/,https://demos.kinesiscreatives.com/houston-power-vac-america.html
Johnstone Supply,Houston,+1 713-952-4601,loriandtheboys@gmail.com,4.1,,https://www.johnstonesupply.com/store96/,https://demos.kinesiscreatives.com/houston-johnstone-supply.html
Bruce Mech Air Conditioning and Heating,Spring,+1 713-903-8303,brucemechanical@yahoo.com,4.7,,https://brucemechanicalhvac.com/,https://demos.kinesiscreatives.com/spring-bruce-mech-air-conditioning-and-heating.html
Marcos' AC & Heating Services,Houston,+1 713-467-4822,laurie@marcosac.com,4.8,275.0,https://www.marcosac.com/,https://demos.kinesiscreatives.com/houston-marcos-ac-heating-services.html
Air Rey - Houston,Houston,+1 346-477-9744,sales@airreydfw.com,4.6,911.0,https://www.airreyservice.com/service-areas/houston,https://demos.kinesiscreatives.com/houston-air-rey-houston.html
Platinum AC & Heating LLC,Houston,+1 832-777-3683,info@platinumacandheating.com,5.0,27.0,http://platinumacandheating.com/,https://demos.kinesiscreatives.com/houston-platinum-ac-heating-llc.html
Gentle Air,Houston,+1 713-900-6060,mustafa@gentleair1.com,4.9,30.0,https://gentleair1.com/,https://demos.kinesiscreatives.com/houston-gentle-air.html
"Texas Eagle AC and Heating, LLC",Houston,+1 713-497-1145,texaseagle2021@gmail.com,5.0,199.0,https://texas-eagle.com/,https://demos.kinesiscreatives.com/houston-texas-eagle-ac-and-heating-llc.html
TemperaturePro Katy-Cypress,Houston,+1 281-607-5884,webmaster@leadsnearby.com,4.9,333.0,https://www.blitzproservices.com/service-area/cypress-tx/%3Futm_source%3Dgoogle%26utm_medium%3Dorganic%26utm_campaign%3Dgbp,https://demos.kinesiscreatives.com/houston-temperaturepro-katy-cypress.html
Priority AC & Heat,Houston,+1 713-854-2776,priorityaconline@gmail.com,5.0,636.0,http://www.priorityacandheat.com/,https://demos.kinesiscreatives.com/houston-priority-ac-heat.html
Residential AC & Heating ECi,Houston,+1 832-242-4745,residentialach@gmail.com,5.0,12.0,https://residentialach.com/league-city/,https://demos.kinesiscreatives.com/houston-residential-ac-heating-eci.html
"Bayou City Aire, LLC",Houston,+1 713-568-9437,info@bayoucityac.com,4.9,72.0,http://www.bayoucityac.com/,https://demos.kinesiscreatives.com/houston-bayou-city-aire-llc.html
Houston Heating & Air Conditioning,Houston,+1 346-699-2453,ajfamilyhandyman@gmail.com,4.7,21.0,https://business.google.com/,https://demos.kinesiscreatives.com/houston-houston-heating-air-conditioning.html
Aaron's AC & Heat,Houston,+1 281-699-9233,aaronsac@comcast.net,4.8,30.0,https://aaronsac.com/,https://demos.kinesiscreatives.com/houston-aarons-ac-heat.html
Texas Gulfcoast Air Conditioning,Houston,+1 713-644-1861,jackie@txgcac.com,4.7,19.0,http://txgcac.com/,https://demos.kinesiscreatives.com/houston-texas-gulfcoast-air-conditioning.html
Cowboy Cooling HVAC,Dallas,+1 817-277-4383,contact@cowboycoolinghvac.com,4.9,15.0,https://www.cowboycoolinghvac.com/,https://demos.kinesiscreatives.com/dallas-cowboy-cooling-hvac.html
Park Cities HVAC,Dallas,+1 214-476-4421,contact@parkcitieshvac.com,5.0,11.0,https://parkcitieshvac.com/,https://demos.kinesiscreatives.com/dallas-park-cities-hvac.html
United States Home Services,Dallas,+1 214-301-5784,info@unitedstateshomeservices.com,5.0,1740.0,http://www.unitedstateshomeservices.com/,https://demos.kinesiscreatives.com/dallas-united-states-home-services.html
Dynamic Mechanical Solutions,Dallas,+1 469-524-3675,m.mashburn@dmsprofessionals.com,4.7,16.0,http://www.dmsprofessionals.com/,https://demos.kinesiscreatives.com/dallas-dynamic-mechanical-solutions.html
REYNOLDS HEAT N AIR,Dallas,+1 972-725-4105,office@reynoldsheatnair.com,5.0,10.0,https://www.reynoldsheatnair.com/%3Futm_source%3Dgoogle%26utm_medium%3Dgoogle_business_profile%26utm_campaign%3Dgbp-listing,https://demos.kinesiscreatives.com/dallas-reynolds-heat-n-air.html
American Service Professionals HVAC-R LLC,Irving,+1 972-598-3910,ameriservpros@gmail.com,5.0,11.0,http://www.americanserviceprofessionals.com/,https://demos.kinesiscreatives.com/irving-american-service-professionals-hvac-r-llc.html
Suburban Heating & Air Conditioning,Dallas,+1 214-381-1127,seye@suburbanheatandair.com,4.4,23.0,https://www.suburbanheatandair.com/,https://demos.kinesiscreatives.com/dallas-suburban-heating-air-conditioning.html
Century HVAC Distributing,Dallas,+1 972-241-7007,abahnsen@centuryhvac.com,4.5,45.0,https://centuryhvac.com/,https://demos.kinesiscreatives.com/dallas-century-hvac-distributing.html
Effective Air Services & Contracting LLC,Dallas,+1 469-230-8704,sebastian@aldusleaf.org,5.0,7.0,https://effectiveasc.com/,https://demos.kinesiscreatives.com/dallas-effective-air-services-contracting-llc.html
"Tower Tech Services, Inc.",Dallas,+1 800-971-0031,rrichardson@towertech.com,4.5,2.0,http://www.towertech.com/,https://demos.kinesiscreatives.com/dallas-tower-tech-services-inc.html
Quigley Heating & Air Conditioning of Dallas,Farmers Branch,+1 214-526-8533,cwalter@centuryfp.com,4.9,573.0,https://quigleyac.com/%3Futm_source%3Dgoogle%2Bbusiness%2Blisting%26utm_medium%3Dorganic%26utm_campaign%3Dclick%2Bto%2Bwebsite,https://demos.kinesiscreatives.com/farmers-branch-quigley-heating-air-conditioning-of-dallas.html
E D Miller Services LLC,Dallas,+1 214-351-6171,info@edmillerservco.com,3.5,24.0,http://www.millerservicecompany.com/%3Futm_campaign%3Dgmb,https://demos.kinesiscreatives.com/dallas-e-d-miller-services-llc.html
Hydrotemp LLC,Dallas,+1 214-630-1984,gedwards@hydrotempinc.com,4.7,19.0,http://www.hydrotemp.com/,https://demos.kinesiscreatives.com/dallas-hydrotemp-llc.html
Fissco Supply HVAC - Dallas,Dallas,+1 214-357-0835,ansliger15@gmail.com,4.6,10.0,http://fisscosupply.com/,https://demos.kinesiscreatives.com/dallas-fissco-supply-hvac-dallas.html
"Insco Distributing, Inc.",Dallas,+1 214-350-7913,lwende@insco.com,4.5,18.0,https://www.insco.com/Dallas,https://demos.kinesiscreatives.com/dallas-insco-distributing-inc.html
Industrial Controls,Dallas,+1 972-671-1996,jadelstein@icdmail.com,2.5,2.0,http://www.industrialcontrolsonline.com/,https://demos.kinesiscreatives.com/dallas-industrial-controls.html
Xpert tech hvac,Farmers Branch,+1 469-895-5664,info@xpertechhvacrepairandinstallation.com,5.0,5.0,https://xpertechhvacrepairandinstallation.com/,https://demos.kinesiscreatives.com/farmers-branch-xpert-tech-hvac.html
TOP HVAC Service Co.,Carrollton,+1 214-934-6728,accounts@tophvac.net,4.5,56.0,https://www.tophvac.net/,https://demos.kinesiscreatives.com/carrollton-top-hvac-service-co.html
Standard Supply Distribution Center & Corporate Offices,Dallas,+1 214-630-7800,kgastel@megavolt.com,4.1,47.0,http://www.ssdhvac.com/,https://demos.kinesiscreatives.com/dallas-standard-supply-distribution-center-corporate-offices.html
United Rentals - Climate Solutions,Dallas,+1 817-357-4830,tmuth@eliterentals.net,4.9,8.0,https://www.unitedrentals.com/locations/tx/dallas/climate-solutions/60d%3Futm_source%3Dgoogle%26utm_medium%3Ddistrib%26utm_campaign%3Dyext,https://demos.kinesiscreatives.com/dallas-united-rentals-climate-solutions.html
Ugly Dog Heating & Cooling,Farmers Branch,+1 214-845-9364,info@uglydogair.com,5.0,57.0,https://uglydogair.com/%3Futm_source%3Dgmb%26utm_medium%3Dorganic%26utm_campaign%3Dcarrollton,https://demos.kinesiscreatives.com/farmers-branch-ugly-dog-heating-cooling.html
"American Air Customs, Inc",Irving,+1 972-313-3734,americanaircustoms@yahoo.com,4.9,231.0,http://www.americanaircustomsinc.com/,https://demos.kinesiscreatives.com/irving-american-air-customs-inc.html
Allen HVAC Services,Dallas,+1 214-632-7422,info@allenhvac.net,,,http://allenhvac.net/,https://demos.kinesiscreatives.com/dallas-allen-hvac-services.html
Reliant Air Conditioning,Irving,+1 817-831-3950,marketing@reliantac.com,4.7,4226.0,https://reliantairconditioning.com/%3Futm_source%3Dgoogle%26utm_medium%3Dgmb%26utm_campaign%3DzA501-Organic%26se_campaign%3DzA501-Organic,https://demos.kinesiscreatives.com/irving-reliant-air-conditioning.html
Pierce & Son Air Conditioning,Dallas,+1 214-341-5833,pierceandson@pierceac.com,5.0,10.0,http://pierceac.com/%3Futm_source%3DGBP%26utm_medium%3Dorganic,https://demos.kinesiscreatives.com/dallas-pierce-son-air-conditioning.html
SA Specialties,Dallas,+1 214-951-0440,rose@saspecialties.com,,,http://www.saspecialties.com/,https://demos.kinesiscreatives.com/dallas-sa-specialties.html
dallas-waterheater-co,Dallas,+1 469-207-1493,service@dallaswaterheaterco.com,5.0,2.0,https://dallaswaterheaterco.com/contact-us.html,https://demos.kinesiscreatives.com/dallas-dallas-waterheater-co.html
Spencer Air Conditioning & Heating,Irving,+1 972-544-6921,rundelsb@aol.com,4.9,1245.0,https://spencerairconditioning.com/%3Futm_medium%3Dorganic%26utm_source%3Dgoogle%26utm_campaign%3Dgbp,https://demos.kinesiscreatives.com/irving-spencer-air-conditioning-heating.html
"Joe W. Fly Co., Inc.",Irving,+1 214-634-2200,joe@joeflyco.com,4.5,25.0,https://www.joeflyco.com/locations%23dfw,https://demos.kinesiscreatives.com/irving-joe-w-fly-co-inc.html
"Air-Kool Heating & Air, LLC",Duncanville,+1 972-296-0550,airkoolhac@att.net,4.9,59.0,https://www.airkooldfw.com/,https://demos.kinesiscreatives.com/duncanville-air-kool-heating-air-llc.html
Interior Climate Solutions,Dallas,+1 469-949-8393,service@interiorcs.com,4.0,8.0,https://interiorcs.com/,https://demos.kinesiscreatives.com/dallas-interior-climate-solutions.html
"Kirkland Heating & Air Conditioning, Inc.",Dallas,+1 770-443-2504,kirklandheatair@comcast.net,5.0,634.0,http://www.kirklandheatandair.com/,https://demos.kinesiscreatives.com/dallas-kirkland-heating-air-conditioning-inc.html
Benchmark Service,Irving,+1 972-790-3900,jack@benchmarkservice.net,4.9,58.0,http://www.benchmarkservice.net/,https://demos.kinesiscreatives.com/irving-benchmark-service.html
DFW HVAC,Coppell,+1 817-242-6688,support@dfwhvac.com,5.0,141.0,http://www.dfwhvac.com/,https://demos.kinesiscreatives.com/coppell-dfw-hvac.html
"Denali HVAC, Plumbing & Electric",Dallas,+1 214-350-9555,vickey@denalics.com,4.5,46.0,http://www.denalics.com/,https://demos.kinesiscreatives.com/dallas-denali-hvac-plumbing-electric.html
Infinity Air Services,Irving,+1 214-995-3100,infinityairdfw@verizon.net,5.0,12.0,https://www.infinityairsvcs.com/,https://demos.kinesiscreatives.com/irving-infinity-air-services.html
House Pro Air Conditioning,Houston,+1 281-941-6471,oncall@houseproac.com,4.7,1397.0,https://www.houseproac.com/%3Futm_source%3DGBP%26utm_medium%3Dorganic,https://demos.kinesiscreatives.com/houston-house-pro-air-conditioning.html
Top Notch AC Repair Houston,Houston,+1 346-637-4055,info@jakpost.com,5.0,28.0,http://acrepairhoustontx.com/,https://demos.kinesiscreatives.com/houston-top-notch-ac-repair-houston.html
HVAC Blower Motors Houston,Houston,+1 346-326-1718,enginemen32@yahoo.com,5.0,1.0,https://baikalmechanical.com/,https://demos.kinesiscreatives.com/houston-hvac-blower-motors-houston.html
Aura Service Pro,Houston,+1 832-803-0707,innar@auraservicepro.com,3.6,71.0,https://auraservicepro.com/,https://demos.kinesiscreatives.com/houston-aura-service-pro.html
United Mechanical,Dallas,+1 214-341-9300,scantuum@gmail.com,4.3,49.0,https://www.unitedmechanical.com/,https://demos.kinesiscreatives.com/dallas-united-mechanical.html
Air Texas AC & Heating Carrollton,Carrollton,+1 214-869-2300,luis@airtexasdfw.com,4.9,216.0,https://airtexasdfw.com/,https://demos.kinesiscreatives.com/carrollton-air-texas-ac-heating-carrollton.html
Barbosa Plumbing & Air Conditioning,Dallas,+1 972-846-8513,drew@barbosamechanical.com,4.8,541.0,https://www.barbosamechanical.com/location/dallas/%3Futm_source%3Dgoogle%26utm_medium%3Dorganic%26utm_campaign%3Dgbp,https://demos.kinesiscreatives.com/dallas-barbosa-plumbing-air-conditioning.html
"Prime Urban Aire Mechanical, LLC",Dallas,+1 214-775-9948,urbanairemechanical@gmail.com,3.7,12.0,https://www.urbanairemechanical.com/,https://demos.kinesiscreatives.com/dallas-prime-urban-aire-mechanical-llc.html
AC Pros,Richardson,+1 972-736-8864,russ@acprostx.com,4.8,1092.0,https://www.acprostx.com/,https://demos.kinesiscreatives.com/richardson-ac-pros.html
High Flow AC Repair,Dallas,+1 469-972-4754,info@highflowheatingacrepair.com,5.0,7.0,https://www.highflowheatingacrepair.com/dallas-tx/,https://demos.kinesiscreatives.com/dallas-high-flow-ac-repair.html
Elevated Solutions Team,Dallas,+1 972-850-8544,ah01@elevatedsolutionsteamllc.com,5.0,6.0,https://elevatedsolutionsteamllc.com/,https://demos.kinesiscreatives.com/dallas-elevated-solutions-team.html
"Truficient Energy Solutions, LLC",Richardson,+1 214-238-4350,info@truficient.com,4.9,62.0,http://www.truficient.com/,https://demos.kinesiscreatives.com/richardson-truficient-energy-solutions-llc.html
Air Conditioning & Heating Dallas Pros,Dallas,+1 214-833-0536,office@hvacservicedallas.com,5.0,14.0,https://hvac-dallas.com/,https://demos.kinesiscreatives.com/dallas-air-conditioning-heating-dallas-pros.html
Tatimeyo AC Service,Dallas,+1 682-424-7197,info@ac-experts.com,5.0,16.0,http://ac-experts.com/Dallastx,https://demos.kinesiscreatives.com/dallas-tatimeyo-ac-service.html
"Legacy Air Services, LLC.",Dallas,+1 972-684-3394,ac.concierge@legacyairconditioningservices.com,4.5,8.0,http://legacyairconditioningservices.com/,https://demos.kinesiscreatives.com/dallas-legacy-air-services-llc.html
"Team Enoch: Electric, Plumbing, Air, Roofing",Addison,+1 469-960-3171,mail@teamenoch.com,4.9,972.0,https://teamenoch.com/%3Futm_source%3Ddallasgmb%26utm_medium%3DOrganic,https://demos.kinesiscreatives.com/addison-team-enoch-electric-plumbing-air-roofing.html
Ethan Air Duct Cleaning Dallas,Dallas,+1 945-253-3704,info@ethanairductcleaningdallas.com,5.0,67.0,https://ethanairductcleaningdallas.com/,https://demos.kinesiscreatives.com/dallas-ethan-air-duct-cleaning-dallas.html
Green Leaf Air,Richardson,+1 972-992-5006,office@greenleafair.com,4.7,172.0,https://greenleafair.com/,https://demos.kinesiscreatives.com/richardson-green-leaf-air.html
"Air Source Mechanical LLC,",Richardson,+1 972-897-8332,info@airsmhvac.com,5.0,81.0,https://airsmhvac.com/,https://demos.kinesiscreatives.com/richardson-air-source-mechanical-llc.html
4-L Engineering Co Inc,Richardson,+1 972-276-5088,dhansford@4lengineering.com,3.4,17.0,http://www.4lengineering.com/,https://demos.kinesiscreatives.com/richardson-4-l-engineering-co-inc.html
Harris HVAC,Dallas,+1 469-554-3897,robert.harris@harrishvac.org,,,https://www.harrishvac.org/,https://demos.kinesiscreatives.com/dallas-harris-hvac.html
First Co.,Dallas,+1 214-388-5751,andycanales@gmail.com,3.4,138.0,https://www.firstco.com/,https://demos.kinesiscreatives.com/dallas-first-co.html
Tex-AC & Heating,Richardson,+1 469-851-2665,production@texacdfw.com,5.0,100.0,https://www.texacdfw.com/,https://demos.kinesiscreatives.com/richardson-tex-ac-heating.html
Ref Experts & HVAC,Dallas,+1 469-941-4379,jai@refexperts.com,4.2,20.0,http://www.refexperts.com/contact-us/,https://demos.kinesiscreatives.com/dallas-ref-experts-hvac.html
C&G HEATING & AIR LLC,Dallas,+1 214-554-5049,cng.hna.llc@gmail.com,5.0,2.0,https://www.facebook.com/CG-Heating-air-102405901969228/,https://demos.kinesiscreatives.com/dallas-cg-heating-air-llc.html
"Garnet Dynamics, Inc.",Dallas,+1 214-694-2333,info@garnetdynamics.com,5.0,1.0,http://garnetdynamics.com/,https://demos.kinesiscreatives.com/dallas-garnet-dynamics-inc.html
Dew Point Mechanical LLC,Dallas,+1 214-515-8023,psmithdewpoint@gmail.com,5.0,1.0,https://www.dewpointairmc.com/%3Futm_source%3Dgoogle%26utm_medium%3Dwix_google_business_profile%26utm_campaign%3D14564750961278077946,https://demos.kinesiscreatives.com/dallas-dew-point-mechanical-llc.html
TYH Air Duct Cleaning,Dallas,+1 972-972-8640,dfwairductcleaningcompany@gmail.com,4.9,90.0,http://dfwairductcleaning.com/,https://demos.kinesiscreatives.com/dallas-tyh-air-duct-cleaning.html
A-US Air Conditioning Of Texas,Garland,+1 877-221-2109,john@ausairtexas.com,3.8,1924.0,https://www.ausairtexas.com/,https://demos.kinesiscreatives.com/garland-a-us-air-conditioning-of-texas.html
American Building Services,Dallas,+1 214-350-0800,eben@eyebytes.com,4.3,13.0,http://abs-dfw.com/,https://demos.kinesiscreatives.com/dallas-american-building-services.html
Airtech Air Services,Dallas,+1 214-458-2558,d.parnell@airtechdfw.com,,,https://www.airtechdfw.com/about-us/,https://demos.kinesiscreatives.com/dallas-airtech-air-services.html
Trane Commercial Sales Office,Carrollton,+1 469-758-3000,KSTOESER@AEROTEK.COM,3.3,7.0,http://www.trane.com/dallas,https://demos.kinesiscreatives.com/carrollton-trane-commercial-sales-office.html
"Tribeca Plumbing, Inc.",Dallas,+1 214-402-5454,richard@tribecaplumbinginc.com,4.8,417.0,https://www.tribecaplumbinginc.com/,https://demos.kinesiscreatives.com/dallas-tribeca-plumbing-inc.html
On The Spot HVAC,Allen,+1 214-831-8138,info@onthespothvac.com,4.9,1057.0,https://onthespothvac.com/%3Futm_source%3DGBP%26utm_medium%3DGBP,https://demos.kinesiscreatives.com/allen-on-the-spot-hvac.html
Dallas Air Solutions,DeSoto,+1 469-226-9963,service@dallasairsolutions.com,5.0,1.0,https://www.dallasairsolutions.com/about-us/accessibility-statement/,https://demos.kinesiscreatives.com/desoto-dallas-air-solutions.html
H & G Systems,Dallas,+1 214-341-5486,susanaarango@bodyexquisite.com,4.1,20.0,https://handgsystems.com/,https://demos.kinesiscreatives.com/dallas-h-g-systems.html
Richardson Mechanical,Richardson,+1 972-272-1606,glenn.decou@rm4hvac.com,2.9,8.0,https://www.rm4hvac.com/,https://demos.kinesiscreatives.com/richardson-richardson-mechanical.html
Carrier Commercial Service,Richardson,+1 972-789-3426,RICK.LEAVITT@CARRIER.COM,4.3,9.0,https://www.carrier.com/commercial/en/us/service/tx/dallas/%3Futm_source%3DGMB%26utm_medium%3Dorganic%26utm_campaign%3DDallas%26utm_content%3Dlisting,https://demos.kinesiscreatives.com/richardson-carrier-commercial-service.html
NTD Mechanical,Garland,+1 469-323-0454,csmith@ntductworks.com,4.9,18.0,https://ntdmechanical.com/,https://demos.kinesiscreatives.com/garland-ntd-mechanical.html
Trane Supply,Carrollton,+1 972-620-1161,adam.uchin@trane.com,3.8,73.0,https://www.tranesupply.com/store-locator/%3Fquery%3Ddallas%26y_source%3D1_NDcyNDI2Mi03MTUtbG9jYXRpb24ud2Vic2l0ZQ%253D%253D,https://demos.kinesiscreatives.com/carrollton-trane-supply.html
HVAC Of Houston - AC Repair Service,Cypress,+1 832-819-0735,info@hvacofhouston.com,5.0,6.0,https://www.hvacofhouston.com/,https://demos.kinesiscreatives.com/cypress-hvac-of-houston-ac-repair-service.html
Hercules HVAC Pro,Houston,+1 832-503-8366,herculeshvacpro@outlook.com,4.8,49.0,http://www.herculeshvacpro.com/,https://demos.kinesiscreatives.com/houston-hercules-hvac-pro.html
Cornerstone AC & Heating,Houston,+1 713-896-0074,m.dowdy@cornerstoneacandheating.com,4.2,15.0,http://www.cornerstoneacandheating.com/,https://demos.kinesiscreatives.com/houston-cornerstone-ac-heating.html
"A-Plus Mechanical Services, Inc.",Houston,+1 281-970-5200,r.srenil@aplusac.net,5.0,118.0,https://www.aplusac.net/%3Futm_source%3Dgmb-listing%26utm_medium%3Dorganic%26utm_campaign%3Dwebsite-button,https://demos.kinesiscreatives.com/houston-a-plus-mechanical-services-inc.html
Ozark Services,Houston,+1 281-855-2665,grace@ozarkair.com,4.7,629.0,http://www.ozarkair.com/,https://demos.kinesiscreatives.com/houston-ozark-services.html
Dynamic Air & Heat,Cypress,+1 832-593-7555,g.riddle@dynamicairandheat.com,5.0,163.0,http://www.dynamicairandheat.com/,https://demos.kinesiscreatives.com/cypress-dynamic-air-heat.html
Safe Air LLC,Houston,+1 281-305-9493,info@safeairhouston.com,4.8,476.0,https://safeairtexas.com/%3Futm_source%3Dgoogle%26utm_medium%3Dorganic%26utm_campaign%3Dgbp-profile,https://demos.kinesiscreatives.com/houston-safe-air-llc.html
Malek Service Company,Houston,+1 281-624-5137,daryll@malekservice.com,4.6,507.0,https://malekservice.com/service-areas-home-services-houston-tx/,https://demos.kinesiscreatives.com/houston-malek-service-company.html
Foster AC & Heating,Houston,+1 281-609-3239,info@masterhvacsolutions.com,5.0,7.0,https://masterhvacsolutions.com/copperfield-place-tx/,https://demos.kinesiscreatives.com/houston-foster-ac-heating.html
Cool Daddy HVAC Solutions LLC,Cypress,+1 346-255-4822,info@cooldaddy.us,4.9,66.0,https://cooldaddy.us/,https://demos.kinesiscreatives.com/cypress-cool-daddy-hvac-solutions-llc.html
Premium HVAC Mechanical Services,Cypress,+1 832-549-2997,jmoe.premiumair@yahoo.com,3.0,2.0,https://www.premiumhvacmechanical.com/page%3Fpage%3D235,https://demos.kinesiscreatives.com/cypress-premium-hvac-mechanical-services.html
Heaven Breeze AC and Heating,Houston,+1 832-482-2433,nbspacheaven@gmail.com,5.0,24.0,https://heavenbreezetx.com/,https://demos.kinesiscreatives.com/houston-heaven-breeze-ac-and-heating.html
Air Depot Cooling & Heating,Cypress,+1 281-477-3700,dweber@airdepot.net,4.8,546.0,https://airdepot.com/%3Futm_source%3Dgoogle%26utm_medium%3Dorganic%26utm_campaign%3Dgbp,https://demos.kinesiscreatives.com/cypress-air-depot-cooling-heating.html
Cool-it Air Conditioning Heating,Houston,+1 832-316-2665,coolithouston@yahoo.com,4.9,288.0,https://www.coolithouston.com/,https://demos.kinesiscreatives.com/houston-cool-it-air-conditioning-heating.html
Masram Mechanical LP,Houston,+1 281-517-0014,george@masramusa.com,4.8,21.0,http://www.masramusa.com/,https://demos.kinesiscreatives.com/houston-masram-mechanical-lp.html
Lovejoy Mechanical Contractors,Houston,+1 713-466-4045,mperill@lovejoymech.com,4.9,10.0,https://lovejoymech.com/,https://demos.kinesiscreatives.com/houston-lovejoy-mechanical-contractors.html
Mr. Cool A/C and Heating,Cypress,+1 281-859-7937,mrcoolair@gmail.com,4.9,241.0,https://mrcoolair.com/,https://demos.kinesiscreatives.com/cypress-mr-cool-ac-and-heating.html
Air Oracle,Cypress,+1 888-524-7247,team@latofonts.com,4.9,549.0,http://www.airoracle.com/,https://demos.kinesiscreatives.com/cypress-air-oracle.html
Texas American Air,Cypress,+1 832-500-7440,eben@eyebytes.com,4.5,35.0,https://texasamericanair.com/,https://demos.kinesiscreatives.com/cypress-texas-american-air.html
Johnson's Services,Houston,+1 281-495-3131,johnsonshvac2@gmail.com,,,http://www.johnsonsac.com/contact,https://demos.kinesiscreatives.com/houston-johnsons-services.html
FUSE,Houston,+1 832-900-0840,info@fuseworldwide.net,5.0,22.0,http://www.fuseworldwide.net/,https://demos.kinesiscreatives.com/houston-fuse.html
NextDoor AC - Heating & Air Conditioning,Missouri City,+1 832-821-6484,info@nextdoorac.com,4.9,48.0,https://nextdoorac.com/,https://demos.kinesiscreatives.com/missouri-city-nextdoor-ac-heating-air-conditioning.html
Maxx AC & Heating,Stafford,+1 281-338-2653,mackgl@aol.com,4.8,304.0,http://callmaxxandrelax.com/,https://demos.kinesiscreatives.com/stafford-maxx-ac-heating.html
Geo Contractors LLC,Houston,+1 713-729-2665,geo@geocontractorsllc.com,4.9,223.0,http://geocontractorsllc.com/,https://demos.kinesiscreatives.com/houston-geo-contractors-llc.html
Green City Pros,Houston,+1 832-829-6152,info@greencityhvacservice.com,4.0,269.0,https://greencitypros.com/%3Futm_campaign%3Dgmb,https://demos.kinesiscreatives.com/houston-green-city-pros.html
Pilo's A/C and Heating,Houston,+1 713-728-9776,info@pilosair.com,4.9,163.0,http://pilosair.com/,https://demos.kinesiscreatives.com/houston-pilos-ac-and-heating.html
J'Air Mechanic Cooling & Heating,Houston,+1 832-649-8064,support@jairmechanic.com,5.0,16.0,http://jairmechanic.com/,https://demos.kinesiscreatives.com/houston-jair-mechanic-cooling-heating.html
Air-Ton Heating and AC,Houston,+1 713-661-2760,kim@airtonac.onmicrosoft.com,5.0,192.0,https://airtonheatingac.com/%3Futm_source%3Dorganic%26utm_medium%3Dwebsite-link%26utm_id%3Dgoogle-business-listing,https://demos.kinesiscreatives.com/houston-air-ton-heating-and-ac.html
Caleb's HVAC Cooling & Heating LLC,Houston,+1 281-979-8502,anapbm@gmail.com,5.0,33.0,https://calebshvac.com/,https://demos.kinesiscreatives.com/houston-calebs-hvac-cooling-heating-llc.html
TL Techs A/C & Electrical,Houston,+1 832-430-9042,tltechsco@gmail.com,4.9,171.0,https://tltechs.com/,https://demos.kinesiscreatives.com/houston-tl-techs-ac-electrical.html
Ruben's Auto Repair & AC Service,Houston,+1 832-607-0968,rubensautorepairhouston@gmail.com,4.1,62.0,https://www.rubensautorepairhouston.com/,https://demos.kinesiscreatives.com/houston-rubens-auto-repair-ac-service.html
AC Repair & Installation,Houston,+1 713-487-9758,service@acrepairofhoustontx.com,,,https://acrepairofhoustontx.com/,https://demos.kinesiscreatives.com/houston-ac-repair-installation.html
Nonstop Air Duct Cleaning Houston,Houston,+1 832-906-4213,service@cleanairhoustonpro.net,5.0,52.0,https://nonstopairductcleaninghoustontx.com/,https://demos.kinesiscreatives.com/houston-nonstop-air-duct-cleaning-houston.html
Extreme Air Duct Cleaning and Restoration Services,Houston,+1 832-699-0888,david@extremeairduct.com,4.8,608.0,https://extremeairduct.com/,https://demos.kinesiscreatives.com/houston-extreme-air-duct-cleaning-and-restoration-services.html
air condition-repair houstontx,Houston,+1 713-364-8306,info@airconditionrepairhoustontx.com,,,https://airconditionrepairhoustontx.com/contact-us.html,https://demos.kinesiscreatives.com/houston-air-condition-repair-houstontx.html
Houston A/C Compressor Inc.,Houston,+1 713-271-8399,s.rameriz@houstonaccompressor.com,4.2,50.0,http://www.houstonaccompressor.com/,https://demos.kinesiscreatives.com/houston-houston-ac-compressor-inc.html
"Turbo Plumbing , Air Conditioning, Electrical & HVAC Repair Services",Missouri City,+1 281-920-1804,roy@turbohomeservices.com,,,https://turbohomeservices.com/,https://demos.kinesiscreatives.com/missouri-city-turbo-plumbing-air-conditioning-electrical-hvac-repair-services.html
UNICO HEATING AND A/C SERVICES,Houston,+1 346-375-7852,airductcleaner.net@gmail.com,5.0,19.0,https://www.heatingandairservices.net/,https://demos.kinesiscreatives.com/houston-unico-heating-and-ac-services.html
Easy Steam LLC,Houston,+1 713-565-4247,d.easysteam@gmail.com,5.0,245.0,https://easy-steam.com/,https://demos.kinesiscreatives.com/houston-easy-steam-llc.html
Greater Air Care Specialists,Houston,+1 832-850-4255,greateraircarespec@icloud.com,3.0,2.0,https://greateraircarespecialists.com/contact-us/,https://demos.kinesiscreatives.com/houston-greater-air-care-specialists.html
Texas Right Choice,Houston,+1 832-346-8413,bookme@airmavericks.com,4.6,692.0,https://texasrightchoice.com/,https://demos.kinesiscreatives.com/houston-texas-right-choice.html
H-Town Chimneys South Houston,Houston,+1 832-815-5084,breeze.airducts@gmail.com,3.8,10.0,https://affordableairductcleaningservices.com/,https://demos.kinesiscreatives.com/houston-h-town-chimneys-south-houston.html
H-Town Plumbers,Houston,+1 832-318-0390,office@htownplumber.us,4.9,277.0,https://www.htownplumbers.com/,https://demos.kinesiscreatives.com/houston-h-town-plumbers.html
Kitchenaid Appliance Repair,Houston,+1 346-388-1155,info@houstontribe.com,4.7,22.0,https://houstontribe.com/,https://demos.kinesiscreatives.com/houston-kitchenaid-appliance-repair.html
TN Cooler,Houston,+1 832-387-9533,tnshouston@gmail.com,4.6,77.0,http://www.tncooler.com/,https://demos.kinesiscreatives.com/houston-tn-cooler.html
LG Appliance Repair,Missouri City,+1 346-261-2929,info@applianceservicehouston.net,4.1,38.0,https://applianceservicehouston.net/,https://demos.kinesiscreatives.com/missouri-city-lg-appliance-repair.html
All American Plumbing,Houston,+1 832-280-5598,allamericanplumbing22@yahoo.com,4.7,27.0,http://allamerican-plumbing.com/%3Futm_campaign%3Dgmb,https://demos.kinesiscreatives.com/houston-all-american-plumbing.html
Clean Air Pro Services,Houston,+1 832-694-1222,info@cleanairbellairepro.com,4.3,49.0,https://www.cleanairprotx.com/,https://demos.kinesiscreatives.com/houston-clean-air-pro-services.html
Westbury Automotive,Houston,+1 713-721-6293,privacypolicyupdates@automattic.com,4.5,59.0,https://westburyautomotive.wordpress.com/,https://demos.kinesiscreatives.com/houston-westbury-automotive.html
Texas AirSystems Parts,Missouri City,+1 832-342-7005,mmfink13@gmail.com,4.0,18.0,http://texasairsystems.com/,https://demos.kinesiscreatives.com/missouri-city-texas-airsystems-parts.html
Total Auto Services,Houston,+1 713-433-7745,admin@totalautoservices.net,4.7,220.0,https://www.totalautoservices.net/,https://demos.kinesiscreatives.com/houston-total-auto-services.html
YB Plumbing & Hydro Jetting Services,Houston,+1 713-766-6663,ybplumbinglink@gmail.com,4.6,625.0,https://ybplumbing.com/,https://demos.kinesiscreatives.com/houston-yb-plumbing-hydro-jetting-services.html
Steam Express,Houston,+1 832-251-9193,steamexpressinc@yahoo.com,4.9,427.0,https://steam-express.com/,https://demos.kinesiscreatives.com/houston-steam-express.html
SOS-ASAP Operators,Houston,+1 713-397-4477,funguy@sos-asap.com,4.8,202.0,https://sos-asap.com/,https://demos.kinesiscreatives.com/houston-sos-asap-operators.html
Aquarius Home Service,Stafford,+1 281-561-8400,donna.haselow@aquariushomeservice.com,4.8,100.0,http://www.aquariushomeservice.com/,https://demos.kinesiscreatives.com/stafford-aquarius-home-service.html
Air Specialist Air Conditioning & Plumbing,Pearland,+1 713-469-3443,dave.pelton82@gmail.com,4.8,3735.0,https://www.airspecialist.com/%3Futm_source%3DGoogle%26utm_medium%3DGBP%26utm_campaign%3DOrganic_GBP_Air_Specialist,https://demos.kinesiscreatives.com/pearland-air-specialist-air-conditioning-plumbing.html
"Francisco and Son's Auto Repair, Inc",Houston,+1 713-723-3154,micah@micahrich.com,5.0,10.0,https://fandsautoinc.com/,https://demos.kinesiscreatives.com/houston-francisco-and-sons-auto-repair-inc.html
Home Services at The Home Depot,Houston,+1 844-476-2140,saber32@excite.com,4.2,11.0,https://www.homedepot.com/l/Westbury-Square/TX/Houston/77035/578/services%3Femt%3DHSEN%3Femt%3DGCGoogleMaps,https://demos.kinesiscreatives.com/houston-home-services-at-the-home-depot.html
Vibrant Mechanical,Houston,+1 281-436-9758,service@vibrantmechanical.com,5.0,155.0,https://vibrantmechanical.com/,https://demos.kinesiscreatives.com/houston-vibrant-mechanical.html
SDW Services,Houston,+1 281-204-3246,williamssdw@yahoo.com,4.9,44.0,https://sdw-services.com/,https://demos.kinesiscreatives.com/houston-sdw-services.html
AAD Heating & Air Conditioning,Houston,+1 713-379-1862,info@aadheatingairconditioning.xyz,5.0,39.0,https://aadheatingairconditioning.xyz/,https://demos.kinesiscreatives.com/houston-aad-heating-air-conditioning.html
Houston AC Repair Specialists,Houston,+1 713-929-3519,john@acrepairspecialistshouston.com,5.0,9.0,http://www.acrepairspecialistshouston.com/,https://demos.kinesiscreatives.com/houston-houston-ac-repair-specialists.html
Commercial HVAC of Houston,Houston,+1 806-206-6115,info@commercialhvacofhouston.com,5.0,4.0,https://www.commercialhvacofhouston.com/,https://demos.kinesiscreatives.com/houston-commercial-hvac-of-houston.html
Bodensteiner Service Inc,Houston,+1 713-868-0050,bsiairhtx@gmail.com,5.0,1041.0,https://www.bsiairhouston.com/,https://demos.kinesiscreatives.com/houston-bodensteiner-service-inc.html
Houston Air Services,Houston,+1 281-584-9111,houstonairservicesco@gmail.com,5.0,39.0,http://houstonairservices.com/,https://demos.kinesiscreatives.com/houston-houston-air-services.html
TEMPERTECH A/C & HEATING LLC,Houston,+1 281-865-1886,info@tempertechac.com,5.0,22.0,http://www.tempertechac.com/,https://demos.kinesiscreatives.com/houston-tempertech-ac-heating-llc.html
Mundae Services - Downtown Houston,Houston,+1 713-777-7700,ron@mundae.com,4.8,277.0,https://mundae.com/cleaning-restoration-downtown-houston/%3Futm_source%3Dgoogle%26utm_medium%3Dorganic%26utm_campaign%3Ddowntown_houston_location,https://demos.kinesiscreatives.com/houston-mundae-services-downtown-houston.html
Master Plumber Services,Houston,+1 346-768-3336,charlie@masterplumberservice.com,5.0,18.0,https://www.masterplumberservice.com/,https://demos.kinesiscreatives.com/houston-master-plumber-services.html
"A1 Plus Electrical, Plumbing and Air Conditioning Repair",Houston,+1 832-271-6414,info@a1pluselectrical.com,4.9,195.0,https://a1plus.com/cooling-services/air-conditioning-repair/%3Futm_source%3Dgoogle%26utm_medium%3Dorganic%26utm_campaign%3Dgbp-greenway%26utm_content%3Dlisting,https://demos.kinesiscreatives.com/houston-a1-plus-electrical-plumbing-and-air-conditioning-repair.html
Blueleaf Air Conditioning & Heating,Houston,+1 713-295-9728,info@blueleafhvac.com,4.6,65.0,https://callblueleafhvac.com/,https://demos.kinesiscreatives.com/houston-blueleaf-air-conditioning-heating.html
Atlas Ac Repair LLC,Houston,+1 281-220-8309,ken@atlasacrepair.com,4.9,76.0,https://atlasacrepair.com/,https://demos.kinesiscreatives.com/houston-atlas-ac-repair-llc.html
SAMS HVAC LLC,Houston,+1 713-213-0576,infoo@sam-hvac.com,4.5,8.0,http://www.sam-hvac.com/,https://demos.kinesiscreatives.com/houston-sams-hvac-llc.html
"Love Air Conditioning, Heating & Plumbing",Houston,+1 281-444-1174,info@loveair.com,4.1,124.0,https://www.loveair.net/,https://demos.kinesiscreatives.com/houston-love-air-conditioning-heating-plumbing.html
NexAir Solutions,Houston,+1 832-837-0301,info@nexairsolutions.com,4.8,26.0,http://nexairsolutions.com/,https://demos.kinesiscreatives.com/houston-nexair-solutions.html
Air Tech of Pasadena - Miles Service,Pasadena,+1 281-393-7875,service@airtechofpasadena.com,4.9,1358.0,https://www.airtechofpasadena.com/locations/pasadena-tx/%3Futm_source%3Dgoogle-gbp%26utm_medium%3Dorganic%26utm_campaign%3D*22*air-tech-pasadena,https://demos.kinesiscreatives.com/pasadena-air-tech-of-pasadena-miles-service.html
Brown Air Conditioning & Heating,Pasadena,+1 281-998-2665,brownairandheat@yahoo.com,4.7,936.0,https://www.brownairandheat.com/,https://demos.kinesiscreatives.com/pasadena-brown-air-conditioning-heating.html
"Air-Care Southeast, Inc.",South Houston,+1 713-946-4302,roger@aircaresoutheast.com,4.9,56.0,https://www.aircaresoutheast.com/,https://demos.kinesiscreatives.com/south-houston-air-care-southeast-inc.html
Minisplits Houston,Houston,+1 346-837-6170,Cfitzg6505@aol.Com,4.8,48.0,https://sites.google.com/view/minisplitshoustonac/home,https://demos.kinesiscreatives.com/houston-minisplits-houston.html
Covar Aircare LLC,Houston,+1 713-476-8945,covaraircare@outlook.com,4.8,154.0,https://www.covaraircare.net/,https://demos.kinesiscreatives.com/houston-covar-aircare-llc.html
Service Express HVAC,Houston,+1 281-648-2222,express.homexperts@gmail.com,4.2,10.0,https://serviceexpressacandheating.com/,https://demos.kinesiscreatives.com/houston-service-express-hvac.html
AC Repair Pasadena TX,Pasadena,+1 281-401-9349,service@acrepairpasadenatx.com,,,https://acrepairpasadenatx.com/,https://demos.kinesiscreatives.com/pasadena-ac-repair-pasadena-tx.html
Air Combination LLC,Houston,+1 832-374-0354,aircombination25@gmail.com,5.0,5.0,https://aircombination.jobbersites.com/,https://demos.kinesiscreatives.com/houston-air-combination-llc.html
Brico Air Conditioning Repair Services,Deer Park,+1 832-878-8146,bricoservices@comcast.net,4.8,123.0,http://www.bricoservices.org/,https://demos.kinesiscreatives.com/deer-park-brico-air-conditioning-repair-services.html
South Belt,Friendswood,+1 281-992-4900,southbeltac@yahoo.com,4.9,408.0,http://www.southbeltair.com/,https://demos.kinesiscreatives.com/friendswood-south-belt.html
Carrier Commercial Service,Missouri City,+1 713-797-8900,RICK.LEAVITT@CARRIER.COM,4.0,8.0,https://www.carrier.com/commercial/en/us/service/tx/houston/%3Futm_source%3DGMB%26utm_medium%3Dorganic%26utm_campaign%3DHouston%26utm_content%3Dlisting,https://demos.kinesiscreatives.com/missouri-city-carrier-commercial-service.html
TemperaturePro,Houston,+1 713-714-4674,tyler.vincer@temperaturepro.com,5.0,19.0,https://temperaturepro.com/new-territory-tx/%3Futm_source%3Dgoogle%26utm_medium%3Dorganic%26utm_campaign%3Dgbp-houston,https://demos.kinesiscreatives.com/houston-temperaturepro.html
Champion and Nash,Pasadena,+1 713-322-7682,cheng@houstontx.gov,4.9,1138.0,https://championandnash.com/cother,https://demos.kinesiscreatives.com/pasadena-champion-and-nash.html
"Turbo Plumbing , Air Conditioning, Electrical & HVAC Repair Services",Pasadena,+1 281-984-4894,roy@turbohomeservices.com,4.8,12.0,https://turbohomeservices.com/,https://demos.kinesiscreatives.com/pasadena-turbo-plumbing-air-conditioning-electrical-hvac-repair-services.html
