email,name,city,phone,rating,reviews,demo_url
mariscal_frank@yahoo.com,Unlimited Air Conditioning and Heating,Dallas,+1 945-998-7066,4.8,240.0,https://demos.kinesiscreatives.com/dallas-unlimited-air-conditioning-and-heating.html
gilbert@jadeair.net,"Jade Air, LLC",Dallas,+1 214-923-7904,4.8,146.0,https://demos.kinesiscreatives.com/dallas-jade-air-llc.html
info@silverspurhome.com,"Silver Spur Air, Heating, & Plumbing of Dallas",Dallas,+1 972-290-1996,4.9,30.0,https://demos.kinesiscreatives.com/dallas-silver-spur-air-heating-plumbing-of-dallas.html
staggs_randy@yahoo.com,Dallas Heating and Air Conditioning,Dallas,+1 972-423-0012,4.8,216.0,https://demos.kinesiscreatives.com/dallas-dallas-heating-and-air-conditioning.html
evan@q1es.com,Quality 1 Energy Systems Heating & Air Conditioning,Dallas,+1 469-351-5521,4.9,356.0,https://demos.kinesiscreatives.com/dallas-quality-1-energy-systems-heating-air-conditioning.html
jan@hjac.com,"Harlen Johnson HVAC, Plumbing & Electrical",Dallas,+1 972-402-6198,4.8,1162.0,https://demos.kinesiscreatives.com/dallas-harlen-johnson-hvac-plumbing-electrical.html
info@codyandsons.com,"Cody & Sons Plumbing, Heating & Air",Dallas,+1 469-200-3366,4.9,2237.0,https://demos.kinesiscreatives.com/dallas-cody-sons-plumbing-heating-air.html
tobyp@strikeforceac.com,StrikeForce Heating & Air LLC,Dallas,+1 214-570-4966,4.9,206.0,https://demos.kinesiscreatives.com/dallas-strikeforce-heating-air-llc.html
jonpinhorn.typedesign@gmail.com,Alpha Heating & Cooling Llc.,Dallas,+1 214-945-8799,5.0,128.0,https://demos.kinesiscreatives.com/dallas-alpha-heating-cooling-llc.html
info@metroacs.com,Metro Air Conditioning Heating & Services,Dallas,+1 214-304-7658,4.8,335.0,https://demos.kinesiscreatives.com/dallas-metro-air-conditioning-heating-services.html
dallas@temperaturepro.com,TemperaturePro,Dallas,+1 469-485-5115,5.0,190.0,https://demos.kinesiscreatives.com/dallas-temperaturepro.html
classicairac@gmail.com,Coolinary Arts Heating & Cooling,Dallas,+1 972-975-2665,5.0,233.0,https://demos.kinesiscreatives.com/dallas-coolinary-arts-heating-cooling.html
daniel@dial1plumbing.com,"Dial One Johnson Plumbing, Cooling & Heating",Dallas,+1 469-949-1741,4.9,650.0,https://demos.kinesiscreatives.com/dallas-dial-one-johnson-plumbing-cooling-heating.html
admin@proactiveairconditioning.com,Proactive Air Conditioning,Dallas,+1 469-921-1136,5.0,92.0,https://demos.kinesiscreatives.com/dallas-proactive-air-conditioning.html
spetty@berkys.com,"Berkeys Plumbing, A/C & Electrical",Dallas,+1 214-612-0133,4.9,3288.0,https://demos.kinesiscreatives.com/dallas-berkeys-plumbing-ac-electrical.html
aaron@ellisac.com,Ellis Air Conditioning & Heating,Dallas,+1 972-362-1501,4.7,59.0,https://demos.kinesiscreatives.com/dallas-ellis-air-conditioning-heating.html
mark@eastinair.com,Eastin Heating and Air,Dallas,+1 972-278-0613,4.8,485.0,https://demos.kinesiscreatives.com/dallas-eastin-heating-and-air.html
ricky@callberrybest.com,Berry Best Cooling & Heating,Dallas,+1 972-928-9482,5.0,96.0,https://demos.kinesiscreatives.com/dallas-berry-best-cooling-heating.html
dispatch@myazac.com,Serveway Heating and Air Conditioning,Dallas,+1 469-231-9379,4.9,374.0,https://demos.kinesiscreatives.com/dallas-serveway-heating-and-air-conditioning.html
raymond@theclimatetech.com,"Climate Tech Air Conditioning & Heating, LLC",Dallas,+1 972-254-6283,4.4,33.0,https://demos.kinesiscreatives.com/dallas-climate-tech-air-conditioning-heating-llc.html
dallas.tx@aireservdallas.com,Aire Serv of Dallas,Dallas,+1 214-838-7191,4.8,248.0,https://demos.kinesiscreatives.com/dallas-aire-serv-of-dallas.html
mminielly@texasairzone.com,Texas AirZone LLC,Dallas,+1 214-851-3886,5.0,824.0,https://demos.kinesiscreatives.com/dallas-texas-airzone-llc.html
colin.hickey@worldtravel.com,Rescue Air and Plumbing,Dallas,+1 972-201-3253,4.9,3752.0,https://demos.kinesiscreatives.com/dallas-rescue-air-and-plumbing.html
edgar@astardfw.com,"Astar Air Conditioning, Plumbing & Electric",Dallas,+1 972-278-7111,4.8,2697.0,https://demos.kinesiscreatives.com/dallas-astar-air-conditioning-plumbing-electric.html
efficienthomesolutions@gmail.com,Efficient Home Solutions of Dallas,Dallas,+1 214-612-7493,4.8,104.0,https://demos.kinesiscreatives.com/dallas-efficient-home-solutions-of-dallas.html
brennan@thechillbrothers.com,The Chill Brothers,Dallas,+1 844-512-4455,4.5,354.0,https://demos.kinesiscreatives.com/dallas-the-chill-brothers.html
cdowns@dallasplumbing.com,Dallas Plumbing & Air Conditioning,Dallas,+1 214-466-7557,4.6,1163.0,https://demos.kinesiscreatives.com/dallas-dallas-plumbing-air-conditioning.html
jimmy@acwizard.com,AC WIZARD,Dallas,+1 214-342-2665,4.1,191.0,https://demos.kinesiscreatives.com/dallas-ac-wizard.html
office@m-mhvac.com,Mondragon Mechanical LLC,Dallas,+1 972-214-7002,4.9,525.0,https://demos.kinesiscreatives.com/dallas-mondragon-mechanical-llc.html
lenariacnref@gmail.com,LENARI A/C AND REFRIGERATION,Dallas,+1 800-809-0985,5.0,29.0,https://demos.kinesiscreatives.com/dallas-lenari-ac-and-refrigeration.html
ac.rescue.office@gmail.com,"A/C Rescue, Inc.",Dallas,,4.3,710.0,https://demos.kinesiscreatives.com/dallas-ac-rescue-inc.html
eben@eyebytes.com,Cowboy Air Condition & Heating Company TDLR:21299,Dallas,+1 214-570-1540,5.0,24.0,https://demos.kinesiscreatives.com/dallas-cowboy-air-condition-heating-company-tdlr21299.html
janjr1@verizon.net,K&S Heating and Air,Garland,+1 214-919-1728,4.6,570.0,https://demos.kinesiscreatives.com/garland-ks-heating-and-air.html
green48735244@yahoo.com,Service Experts Dallas,Richardson,+1 972-619-7607,4.8,3971.0,https://demos.kinesiscreatives.com/richardson-service-experts-dallas.html
sgazor@airpatrolac.com,Air Patrol Air Conditioning & Heating,Farmers Branch,+1 214-261-0034,5.0,227.0,https://demos.kinesiscreatives.com/farmers-branch-air-patrol-air-conditioning-heating.html
callhare@gmail.com,Hare Air Conditioning & Heating,Dallas,+1 469-547-5209,4.9,52.0,https://demos.kinesiscreatives.com/dallas-hare-air-conditioning-heating.html
americanindustrialmechanical@gmail.com,American Industrial Mechanical LLC,Dallas,+1 972-639-5188,4.7,142.0,https://demos.kinesiscreatives.com/dallas-american-industrial-mechanical-llc.html
info@hvacindallas.net,HVAC Dallas,Dallas,+1 469-672-5414,5.0,3.0,https://demos.kinesiscreatives.com/dallas-hvac-dallas.html
service@callservicenow.com,Hedrick's Service Now,Dallas,+1 214-509-6029,4.9,1039.0,https://demos.kinesiscreatives.com/dallas-hedricks-service-now.html
bharris@aircoservice.com,"Paschal Air, Plumbing & Electric",Dallas,+1 214-765-4817,4.6,419.0,https://demos.kinesiscreatives.com/dallas-paschal-air-plumbing-electric.html
channing@callmilestone.com,"Milestone Electric, A/C, & Plumbing",Dallas,+1 214-717-6708,4.9,18972.0,https://demos.kinesiscreatives.com/dallas-milestone-electric-ac-plumbing.html
info@speedyhvacpros.com,HVAC contractor,Houston,+1 281-408-2288,5.0,9.0,https://demos.kinesiscreatives.com/houston-hvac-contractor.html
steveo8635@hotmail.com,Air Tech of Houston AC & Plumbing,Houston,+1 832-680-5546,4.9,5767.0,https://demos.kinesiscreatives.com/houston-air-tech-of-houston-ac-plumbing.html
service@bellaireair.com,Bellaire Air Conditioning,Houston,+1 713-428-2279,4.9,477.0,https://demos.kinesiscreatives.com/houston-bellaire-air-conditioning.html
houstonhvac@proton.me,Houston HVAC,Houston,+1 346-772-7120,4.9,39.0,https://demos.kinesiscreatives.com/houston-houston-hvac.html
mands.ac.mechanical@gmail.com,M&S Mechanical for AC and Heating,Houston,+1 713-489-3823,4.7,97.0,https://demos.kinesiscreatives.com/houston-ms-mechanical-for-ac-and-heating.html
hadi@hagenrg.com,Hage Energy,Houston,+1 713-560-0600,5.0,204.0,https://demos.kinesiscreatives.com/houston-hage-energy.html
scott@leethompsonac.com,The Lee Thompson Co,Houston,+1 713-688-6900,4.9,421.0,https://demos.kinesiscreatives.com/houston-the-lee-thompson-co.html
rob.durose@onehourheat.com,One Hour Air Conditioning & Heating® of Houston,Houston,+1 281-407-9754,4.8,10088.0,https://demos.kinesiscreatives.com/houston-one-hour-air-conditioning-heating-of-houston.html
75degreeacservices@gmail.com,75 Degree AC- Houston,Houston,+1 713-598-2737,5.0,221.0,https://demos.kinesiscreatives.com/houston-75-degree-ac-houston.html
htownacrepair@gmail.com,H-Town AC Repair HVAC services Houston,Houston,+1 832-404-2062,4.8,262.0,https://demos.kinesiscreatives.com/houston-h-town-ac-repair-hvac-services-houston.html
kriisty.ortiz@gmail.com,Cool Techies,Houston,+1 832-400-5730,5.0,285.0,https://demos.kinesiscreatives.com/houston-cool-techies.html
cann@mccannservices.com,McCann Services Inc.,Houston,+1 713-597-8116,4.9,27.0,https://demos.kinesiscreatives.com/houston-mccann-services-inc.html
allamericanacandheatusa@gmail.com,"All American AC & Heating, LLC.",Houston,+1 281-968-4505,4.8,935.0,https://demos.kinesiscreatives.com/houston-all-american-ac-heating-llc.html
jwood@royalairhouston.com,Royal Air Houston,Houston,+1 832-334-5959,4.6,8300.0,https://demos.kinesiscreatives.com/houston-royal-air-houston.html
roy@turbohomeservices.com,Turbo AC Repair Houston,Houston,+1 281-721-4008,4.8,703.0,https://demos.kinesiscreatives.com/houston-turbo-ac-repair-houston.html
jmoss@airtron.com,Airtron Heating & Air Conditioning,Houston,+1 281-406-3331,4.8,3613.0,https://demos.kinesiscreatives.com/houston-airtron-heating-air-conditioning.html
support@dynamicflowhvac.com,Dynamic Flow AC & Heating,Houston,+1 281-401-9804,4.9,223.0,https://demos.kinesiscreatives.com/houston-dynamic-flow-ac-heating.html
k.conley@goadmiral.com,Houston Admiral Air,Houston,+1 281-862-8214,4.7,576.0,https://demos.kinesiscreatives.com/houston-houston-admiral-air.html
uptownair@gmail.com,Uptown Heating & Air Conditioning,Houston,+1 832-709-0236,4.8,2480.0,https://demos.kinesiscreatives.com/houston-uptown-heating-air-conditioning.html
p.wickham@aliefheatingandairconditioning.com,Alief Ultra Mechanical,Houston,+1 281-277-7557,4.7,128.0,https://demos.kinesiscreatives.com/houston-alief-ultra-mechanical.html
plumbing@allstarplumbingohio.com,"All Star A/C, Plumbing & Electrical",Houston,+1 713-842-9532,4.9,1802.0,https://demos.kinesiscreatives.com/houston-all-star-ac-plumbing-electrical.html
m.jahantash@houstonsmartair.com,Houston Smart Air Cooling and Heating,Houston,+1 281-809-6444,4.9,152.0,https://demos.kinesiscreatives.com/houston-houston-smart-air-cooling-and-heating.html
needs@highperformancehomecompanies.com,963 Wakefield Dr,Houston,+1 713-367-0098,5.0,68.0,https://demos.kinesiscreatives.com/houston-963-wakefield-dr.html
admin@morganproservices.com,Morgan Pro Services,Houston,+1 713-466-7426,4.9,118.0,https://demos.kinesiscreatives.com/houston-morgan-pro-services.html
gwac@swbell.net,G & W Service Company Inc,Houston,+1 713-227-3404,4.9,12.0,https://demos.kinesiscreatives.com/houston-g-w-service-company-inc.html
bakerjones@sbcglobal.net,Baker-Jones Co. Inc,Houston,+1 713-529-3418,5.0,190.0,https://demos.kinesiscreatives.com/houston-baker-jones-co-inc.html
info@hvacheroestx.com,HVAC HEROES,Houston,+1 281-757-3544,4.7,430.0,https://demos.kinesiscreatives.com/houston-hvac-heroes.html
info@emshvactx.com,Economical Mechanical Services LLC,Houston,+1 832-954-7678,5.0,45.0,https://demos.kinesiscreatives.com/houston-economical-mechanical-services-llc.html
info@rightprohvacsolutions.com,Right Pro Cool & Heat,Houston,+1 281-729-8600,5.0,3.0,https://demos.kinesiscreatives.com/houston-right-pro-cool-heat.html
contact@newmarkac.com,Newmark Air Conditioning,Houston,+1 713-804-2121,5.0,30.0,https://demos.kinesiscreatives.com/houston-newmark-air-conditioning.html
asapair@att.net,ASAP AIR A/C and Heating,Houston,+1 713-862-1775,5.0,43.0,https://demos.kinesiscreatives.com/houston-asap-air-ac-and-heating.html
service@environmentalair.com,Environmental Air Systems Inc,Houston,+1 713-680-3274,5.0,76.0,https://demos.kinesiscreatives.com/houston-environmental-air-systems-inc.html
schedule@htmllc.net,HTM LLC,Houston,+1 713-239-2389,5.0,11.0,https://demos.kinesiscreatives.com/houston-htm-llc.html
info@bigtexascomfort.com,Big Texas Comfort,Houston,+1 832-400-3123,4.9,268.0,https://demos.kinesiscreatives.com/houston-big-texas-comfort.html
aircity.hvac.tx@gmail.com,Air City AC & Heating LLC,Houston,+1 713-804-7005,4.7,533.0,https://demos.kinesiscreatives.com/houston-air-city-ac-heating-llc.html
rconroy@kilgoreind.com,K&R Mechanical Services,Houston,+1 281-408-9414,4.4,23.0,https://demos.kinesiscreatives.com/houston-kr-mechanical-services.html
cskinner@s-sservices.com,Comflow Mechanical Services,Houston,+1 713-686-3600,4.7,24.0,https://demos.kinesiscreatives.com/houston-comflow-mechanical-services.html
info@championandnash.com,Champion and Nash,Spring,+1 713-360-0564,4.9,1568.0,https://demos.kinesiscreatives.com/spring-champion-and-nash.html
acecomfort.capital@gmail.com,Ace Comfort Air Conditioning & Heating,Houston,+1 281-658-5141,5.0,175.0,https://demos.kinesiscreatives.com/houston-ace-comfort-air-conditioning-heating.html
info@texasstrongmechanical.com,Texas Strong Mechanical,Humble,+1 832-419-4488,4.9,250.0,https://demos.kinesiscreatives.com/humble-texas-strong-mechanical.html
jorge_bassante@yahoo.com,Horizon Air Solutions,Houston,+1 832-376-6279,5.0,137.0,https://demos.kinesiscreatives.com/houston-horizon-air-solutions.html
info@quickfixac.com,Quick Fix AC and Heating,Houston,+1 832-229-1272,4.9,82.0,https://demos.kinesiscreatives.com/houston-quick-fix-ac-and-heating.html
support@mbairheat.com,"MB Mechanical, INC.",Houston,+1 281-999-6544,5.0,128.0,https://demos.kinesiscreatives.com/houston-mb-mechanical-inc.html
john@airchampion.com,"Airchampion Air Conditioning, Inc",Houston,+1 281-440-8077,4.6,83.0,https://demos.kinesiscreatives.com/houston-airchampion-air-conditioning-inc.html
manuel.lopez@tdindustries.com,"Gray Mechanical Contractors, LLC",Houston,+1 281-820-2200,4.8,29.0,https://demos.kinesiscreatives.com/houston-gray-mechanical-contractors-llc.html
cheng@houstontx.gov,Air Star Now,Houston,+1 713-597-4457,5.0,661.0,https://demos.kinesiscreatives.com/houston-air-star-now.html
john@cischemicals.co.uk,John Moore Services,Houston,+1 713-853-9881,4.7,19165.0,https://demos.kinesiscreatives.com/houston-john-moore-services.html
bobmonroe@sbcglobal.net,Air Pro,Houston,+1 713-881-9880,4.7,888.0,https://demos.kinesiscreatives.com/houston-air-pro.html
charlotte@abacus.com,"Abacus Plumbing, Air Conditioning, & Electrical",Houston,+1 713-812-7070,4.7,11748.0,https://demos.kinesiscreatives.com/houston-abacus-plumbing-air-conditioning-electrical.html
kymmiller@goldenrulecomfort.com,Golden Rule,Houston,+1 281-500-7874,4.5,74.0,https://demos.kinesiscreatives.com/houston-golden-rule.html
ROBERT.FITTS@PREMIER-MECHANICAL.COM,"Premier Mechanical, LLC.",Houston,+1 281-513-5980,5.0,2.0,https://demos.kinesiscreatives.com/houston-premier-mechanical-llc.html
contact@cemtechnologies.tech,C&EM Technologies,Houston,+1 832-645-6229,5.0,2.0,https://demos.kinesiscreatives.com/houston-cem-technologies.html
chris@globalsupplystore.com,M E Brown Air Conditioning Company LLC,Houston,+1 713-939-9411,4.9,301.0,https://demos.kinesiscreatives.com/houston-m-e-brown-air-conditioning-company-llc.html
info@cool-master.us,Cool Master Air-conditioning & Heating LLC,Houston,+1 281-868-8824,4.8,100.0,https://demos.kinesiscreatives.com/houston-cool-master-air-conditioning-heating-llc.html
info@indiantypefoundry.com,ARC Mechanical LLC,Houston,+1 832-493-8718,4.9,16.0,https://demos.kinesiscreatives.com/houston-arc-mechanical-llc.html
info@vosairservices.com,Vo's Air Services,Houston,+1 281-781-6875,4.6,20.0,https://demos.kinesiscreatives.com/houston-vos-air-services.html
stephen835@gmail.com,Service Experts Houston,Houston,+1 713-722-5000,4.8,4450.0,https://demos.kinesiscreatives.com/houston-service-experts-houston.html
mark@designhvacinc.com,"Design Hvac Inc. "" Design Air""",Houston,+1 281-469-6048,4.2,15.0,https://demos.kinesiscreatives.com/houston-design-hvac-inc-design-air.html
info@excelairconditioning.com,Excel Air,Houston,+1 713-300-2803,4.9,456.0,https://demos.kinesiscreatives.com/houston-excel-air.html
dispatch@houstonsacexpresstx.com,Houston's A/C Express,Houston,+1 832-688-5868,3.5,47.0,https://demos.kinesiscreatives.com/houston-houstons-ac-express.html
ed@universalhomeexperts.com,Universal Home Experts,Houston,+1 713-581-6224,4.8,2353.0,https://demos.kinesiscreatives.com/houston-universal-home-experts.html
txcoolingheating@gmail.com,Texas cooling & heating services llc,Houston,+1 346-401-4903,5.0,8.0,https://demos.kinesiscreatives.com/houston-texas-cooling-heating-services-llc.html
bahia.ramirez@polkmechanical.com,"Polk Mechanical Company, LLC",Houston,+1 281-397-5800,4.3,13.0,https://demos.kinesiscreatives.com/houston-polk-mechanical-company-llc.html
general@patriotairpro.com,"Patriot Air Systems, LLC",Houston,+1 713-568-5736,5.0,10.0,https://demos.kinesiscreatives.com/houston-patriot-air-systems-llc.html
info@championandnash.com,Service Company,Houston,+1 281-297-8486,4.7,473.0,https://demos.kinesiscreatives.com/houston-service-company.html
info@indiantypefoundry.com,Republic of Cold Houston - LLC Commercial and residential HVAC. Commercial kitchen equipment repair.,Houston,+1 832-591-8159,5.0,5.0,https://demos.kinesiscreatives.com/houston-republic-of-cold-houston-llc-commercial-and-residential-hvac-commercial-kitchen-equipment-repair.html
alyssanicoleh7@gmail.com,"Dynamic Systems, Inc.",Houston,+1 281-631-9450,4.7,11.0,https://demos.kinesiscreatives.com/houston-dynamic-systems-inc.html
ruben@masteracandheat.com,"Master AC and Heat, LLC- The Heights",Houston,+1 713-750-9769,4.8,165.0,https://demos.kinesiscreatives.com/houston-master-ac-and-heat-llc-the-heights.html
scottiequalls@thefreshmarket.com,Houk Air Conditioning Houston,Houston,+1 409-345-3244,4.6,752.0,https://demos.kinesiscreatives.com/houston-houk-air-conditioning-houston.html
sales@websearchpros.net,Superior Home Performance of Texas,Houston,+1 281-653-9844,4.8,622.0,https://demos.kinesiscreatives.com/houston-superior-home-performance-of-texas.html
info@becoolachouston.com,Be Cool AC & Heating,Houston,+1 832-906-6113,5.0,580.0,https://demos.kinesiscreatives.com/houston-be-cool-ac-heating.html
ben@maverickenterprises.net,Maverick Enterprises,Houston,+1 281-444-5010,,,https://demos.kinesiscreatives.com/houston-maverick-enterprises.html
awynn@westairac.com,Westair Inc,Houston,+1 713-937-4010,5.0,94.0,https://demos.kinesiscreatives.com/houston-westair-inc.html
dispatch@elitecomfortservices.com,Air Tech of Humble - Elite Comfort,Humble,+1 346-236-1240,4.9,2970.0,https://demos.kinesiscreatives.com/humble-air-tech-of-humble-elite-comfort.html
jonathan@ravenmechanical.com,Kilgore Industries,Houston,+1 713-924-4900,4.3,54.0,https://demos.kinesiscreatives.com/houston-kilgore-industries.html
cshelbyp@comcast.net,HAR-CON Mechanical Contractors,Houston,+1 832-300-1060,3.6,22.0,https://demos.kinesiscreatives.com/houston-har-con-mechanical-contractors.html
customerservice@a-mg.com,Allen Maintenance Group LLC,Houston,+1 832-878-0520,5.0,2.0,https://demos.kinesiscreatives.com/houston-allen-maintenance-group-llc.html
contact@boyerhvac.com,Boyer HVAC,Houston,+1 832-552-4944,5.0,1.0,https://demos.kinesiscreatives.com/houston-boyer-hvac.html
info@strivehvac.com,Strive HVAC & Construction,Houston,+1 832-275-6615,5.0,67.0,https://demos.kinesiscreatives.com/houston-strive-hvac-construction.html
djl4p@virginia.edu,Mission Air Conditioning & Plumbing,Houston,+1 281-502-2062,4.8,2855.0,https://demos.kinesiscreatives.com/houston-mission-air-conditioning-plumbing.html
houstonacandheatingpros@gmail.com,Houston A/C and Heating Pros,Houston,+1 832-495-3034,5.0,60.0,https://demos.kinesiscreatives.com/houston-houston-ac-and-heating-pros.html
K_Kilhman@allamericanmechanical.com,All American Mechanical,Houston,+1 281-440-8852,4.2,10.0,https://demos.kinesiscreatives.com/houston-all-american-mechanical.html
jharris@northwindac.com,"Northwind Air Conditioning, Heating & Mechanical Services",Houston,+1 713-683-9474,4.9,1052.0,https://demos.kinesiscreatives.com/houston-northwind-air-conditioning-heating-mechanical-services.html
services@blazedcontractors.com,Blazed Renaissance Contractors,Houston,+1 609-412-6701,5.0,7.0,https://demos.kinesiscreatives.com/houston-blazed-renaissance-contractors.html
admin@uniserveac.com,Uni-Serve Air Conditioning,Houston,+1 281-360-9898,5.0,103.0,https://demos.kinesiscreatives.com/houston-uni-serve-air-conditioning.html
lmairandheating@gmail.com,L & M Air Conditioning & Heating,Houston,+1 713-367-5604,4.6,10.0,https://demos.kinesiscreatives.com/houston-l-m-air-conditioning-heating.html
admin@justintimeaircondition.com,Just-N-Time AC and Heating,Houston,+1 281-908-4602,4.9,401.0,https://demos.kinesiscreatives.com/houston-just-n-time-ac-and-heating.html
ezcomfortac@gmail.com,EZ Comfort Air Conditioning & Heating,Humble,+1 832-225-3738,4.9,1027.0,https://demos.kinesiscreatives.com/humble-ez-comfort-air-conditioning-heating.html
customercare@autumnmechanical.com,Autumn Mechanical,Spring,+1 713-864-8368,4.5,93.0,https://demos.kinesiscreatives.com/spring-autumn-mechanical.html
info@coolcareac.com,Cool Care Heating and Air Conditioning,Houston,+1 713-979-5132,5.0,334.0,https://demos.kinesiscreatives.com/houston-cool-care-heating-and-air-conditioning.html
info@lonestarairductcleaningservices.com,Lone Star Air Duct Cleaning Services,Houston,+1 832-430-1849,5.0,5.0,https://demos.kinesiscreatives.com/houston-lone-star-air-duct-cleaning-services.html
info@acsfixit.com,ACS Commercial Svc LLC,Houston,+1 832-484-9700,4.5,2.0,https://demos.kinesiscreatives.com/houston-acs-commercial-svc-llc.html
info@positiveresultsacservices.com,Positive Heating & Cooling Co,Houston,+1 281-918-7444,5.0,4.0,https://demos.kinesiscreatives.com/houston-positive-heating-cooling-co.html
customerservice@langemechanical.com,"Lange Mechanical Services, LP",Houston,+1 713-688-3861,4.4,10.0,https://demos.kinesiscreatives.com/houston-lange-mechanical-services-lp.html
ricky.cheek@gmail.com,Century A/C Supply,Houston,+1 832-249-7654,4.4,77.0,https://demos.kinesiscreatives.com/houston-century-ac-supply.html
jmvmechanical@gmail.com,"JMV Air Solutions, LLC",Houston,+1 281-972-8331,4.8,130.0,https://demos.kinesiscreatives.com/houston-jmv-air-solutions-llc.html
info@sugarlandacandheating.com,Sugar Land AC and Heating,Houston,+1 346-763-6305,5.0,153.0,https://demos.kinesiscreatives.com/houston-sugar-land-ac-and-heating.html
doyle.james@dwyergroup.com,Aire Serv of Houston Northwest,Cypress,+1 832-730-2544,4.9,657.0,https://demos.kinesiscreatives.com/cypress-aire-serv-of-houston-northwest.html
christheacman@sbcglobal.net,The Training Center Of Air Conditioning & Heating,Houston,+1 281-580-4239,4.9,180.0,https://demos.kinesiscreatives.com/houston-the-training-center-of-air-conditioning-heating.html
igdflow@igdplumbing.com,IGD Plumbing & Air,Houston,+1 832-402-7405,4.4,554.0,https://demos.kinesiscreatives.com/houston-igd-plumbing-air.html
info@ptsmechanical.com,"Precise Technical Services, Inc",Spring,+1 281-440-6666,4.7,53.0,https://demos.kinesiscreatives.com/spring-precise-technical-services-inc.html
valderramaac@yahoo.com,Valderrama A/C & Refrigeration,South Houston,+1 281-974-4599,4.8,300.0,https://demos.kinesiscreatives.com/south-houston-valderrama-ac-refrigeration.html
jguerry@aardvarkcares.com,Aardvark Air Conditioning & Heating,Houston,+1 281-955-1163,4.3,6.0,https://demos.kinesiscreatives.com/houston-aardvark-air-conditioning-heating.html
hvacservices74@yahoo.com,Hvac commercial services Inc.,Houston,+1 832-364-5507,5.0,12.0,https://demos.kinesiscreatives.com/houston-hvac-commercial-services-inc.html
anthony.tallerine@acsfixit.com,ACS Commercial Service LLC,Houston,+1 800-776-5211,4.6,11.0,https://demos.kinesiscreatives.com/houston-acs-commercial-service-llc.html
mneese1973@hotmail.com,Ethan Clark Air Conditioning,Houston,+1 713-236-1119,5.0,173.0,https://demos.kinesiscreatives.com/houston-ethan-clark-air-conditioning.html
jane.doe@usmapid.org,HVAC Repair Champions,Houston,+1 713-885-9043,5.0,25.0,https://demos.kinesiscreatives.com/houston-hvac-repair-champions.html
andys@htseng.com,HTS Texas,Houston,+1 832-328-1010,4.2,37.0,https://demos.kinesiscreatives.com/houston-hts-texas.html
stephen@hanscohvacr.com,"Hansco Heating AC & Refrigeration, LTD.",Houston,+1 713-944-0140,4.0,5.0,https://demos.kinesiscreatives.com/houston-hansco-heating-ac-refrigeration-ltd.html
lakewoodac@gmail.com,Lakewood A/C,Houston,+1 832-559-1132,4.5,61.0,https://demos.kinesiscreatives.com/houston-lakewood-ac.html
chris@gilbertsac.com,Gilbert's Air Specialists,Houston,+1 713-242-1368,4.7,179.0,https://demos.kinesiscreatives.com/houston-gilberts-air-specialists.html
info@jk-hvac.com,JK AC & Heating Services,Houston,+1 281-857-5474,5.0,10.0,https://demos.kinesiscreatives.com/houston-jk-ac-heating-services.html
jkacht@netzero.net,J & K A/C & HEATING,Waller,+1 346-708-0384,4.8,16.0,https://demos.kinesiscreatives.com/waller-j-k-ac-heating.html
a.hassinger@rwccold.com,RWC Refrigerated Warehouse Construction,Houston,+1 844-838-5300,4.3,7.0,https://demos.kinesiscreatives.com/houston-rwc-refrigerated-warehouse-construction.html
accomfort@aircoolusa.com,AC Comfort,Houston,+1 832-280-4594,4.9,406.0,https://demos.kinesiscreatives.com/houston-ac-comfort.html
bmwd2@consolidated.net,"Gregory-Edwards, Inc",Houston,+1 713-523-6618,5.0,6.0,https://demos.kinesiscreatives.com/houston-gregory-edwards-inc.html
ilwain@chimneyrockac.com,Chimney Rock Service,Houston,+1 713-782-0789,5.0,57.0,https://demos.kinesiscreatives.com/houston-chimney-rock-service.html
jc@pureairs.com,Houston Pure Air,Houston,+1 832-405-7449,4.6,9.0,https://demos.kinesiscreatives.com/houston-houston-pure-air.html
tjohn@philsgoodhvac.com,Phil's Good A/C & Heating,Houston,+1 832-856-0686,3.9,231.0,https://demos.kinesiscreatives.com/houston-phils-good-ac-heating.html
amedrano@onecallhouston.com,OneCall Houston,Houston,+1 713-322-8274,4.8,1310.0,https://demos.kinesiscreatives.com/houston-onecall-houston.html
richards@nicksplumbing.com,Nick's Plumbing & Air Conditioning,Houston,+1 713-868-9907,4.7,4047.0,https://demos.kinesiscreatives.com/houston-nicks-plumbing-air-conditioning.html
premierac@sbcglobal.net,Premier Air Conditioning & Heating,Houston,+1 713-682-0888,4.0,63.0,https://demos.kinesiscreatives.com/houston-premier-air-conditioning-heating.html
jim@jweastmechanical.com,J W East Mechanical,Houston,+1 281-550-9300,5.0,4.0,https://demos.kinesiscreatives.com/houston-j-w-east-mechanical.html
ac@mairathon.com,Mairathon Cooling and Heating,Magnolia,+1 713-808-5408,5.0,53.0,https://demos.kinesiscreatives.com/magnolia-mairathon-cooling-and-heating.html
phelander@dalcoac.com,Dalco,Dallas,+1 214-381-1445,4.4,41.0,https://demos.kinesiscreatives.com/dallas-dalco.html
team@latofonts.com,Absolute Comfort Mechanical LLC,Dallas,+1 214-900-2533,5.0,54.0,https://demos.kinesiscreatives.com/dallas-absolute-comfort-mechanical-llc.html
sshel@mbkiser.com,M. B. Kiser Heating & Air Conditioning Co. Inc.,Dallas,+1 214-823-9958,4.8,36.0,https://demos.kinesiscreatives.com/dallas-m-b-kiser-heating-air-conditioning-co-inc.html
sales@mossmechanical.com,Moss Heating & Cooling,Dallas,+1 972-733-6802,4.9,947.0,https://demos.kinesiscreatives.com/dallas-moss-heating-cooling.html
msmith@earthsalesgroup.com,A-Anderson A/C Electric & Heating Company,Dallas,+1 469-556-3958,3.7,3.0,https://demos.kinesiscreatives.com/dallas-a-anderson-ac-electric-heating-company.html
roweperez@yahoo.com,New Generation Mechanical,Dallas,+1 972-830-9900,4.3,41.0,https://demos.kinesiscreatives.com/dallas-new-generation-mechanical.html
d_mansour@sbcglobal.net,Kahn Mechanical Contractors,Dallas,+1 214-831-5551,4.2,13.0,https://demos.kinesiscreatives.com/dallas-kahn-mechanical-contractors.html
jim@tehvac.com,Town East Heating & Air Conditioning,Dallas,+1 972-289-1654,3.7,43.0,https://demos.kinesiscreatives.com/dallas-town-east-heating-air-conditioning.html
rschnitzer@integrityairconditioning.com,Integrity Air Conditioning,Mesquite,+1 972-734-1428,4.9,745.0,https://demos.kinesiscreatives.com/mesquite-integrity-air-conditioning.html
happelmechanical@yahoo.com,Happel Mechanical,Dallas,+1 214-538-9225,4.9,151.0,https://demos.kinesiscreatives.com/dallas-happel-mechanical.html
support@cactuscoolingheating.com,Cactus Cooling & Heating,Dallas,+1 214-817-0448,4.9,67.0,https://demos.kinesiscreatives.com/dallas-cactus-cooling-heating.html
info@tigerairtx.com,Tiger Air and Heating,Dallas,+1 214-214-6922,5.0,465.0,https://demos.kinesiscreatives.com/dallas-tiger-air-and-heating.html
info@blueladderhvac.com,Blue Ladder Heating & Cooling,Dallas,+1 214-817-1707,5.0,15.0,https://demos.kinesiscreatives.com/dallas-blue-ladder-heating-cooling.html
cosmas@hooperplumbing.com,Hooper Plumbing & Air Conditioning,Dallas,+1 214-761-6820,4.8,442.0,https://demos.kinesiscreatives.com/dallas-hooper-plumbing-air-conditioning.html
jim@kennedy-financial.com,Mathis Air & Heat LLC,Mesquite,+1 972-279-4266,4.8,43.0,https://demos.kinesiscreatives.com/mesquite-mathis-air-heat-llc.html
bjackson@miinclp.net,"MIINC, L.P.",Dallas,+1 214-575-9600,4.6,41.0,https://demos.kinesiscreatives.com/dallas-miinc-lp.html
Cfitzg6505@aol.Com,Strong Frame Air Conditioning,Dallas,+1 972-634-0621,5.0,4.0,https://demos.kinesiscreatives.com/dallas-strong-frame-air-conditioning.html
discountairconditioningandheat@yahoo.com,Discount Air Conditioning & Heating,Dallas,+1 214-371-2226,5.0,10.0,https://demos.kinesiscreatives.com/dallas-discount-air-conditioning-heating.html
edgar@astardfw.com,"Wilson Heating, Air & Plumbing, now part of A-Star Air Conditioning, Plumbing & Electric",Dallas,+1 214-655-2665,3.3,44.0,https://demos.kinesiscreatives.com/dallas-wilson-heating-air-plumbing-now-part-of-a-star-air-conditioning-plumbing-electric.html
heatwaveac@outlook.com,Heat Wave HVAC,Dallas,+1 469-355-4958,5.0,17.0,https://demos.kinesiscreatives.com/dallas-heat-wave-hvac.html
mdaitch@theontimeexperts.com,On Time Experts,Dallas,+1 469-581-0427,3.1,18.0,https://demos.kinesiscreatives.com/dallas-on-time-experts.html
margaret@publicserviceplumbers.com,Public Service Plumbers,Dallas,+1 214-831-1959,4.9,1800.0,https://demos.kinesiscreatives.com/dallas-public-service-plumbers.html
whiterockac@gmail.com,White Rock Air Conditioning & Heating LLC,Mesquite,+1 972-270-7058,4.8,21.0,https://demos.kinesiscreatives.com/mesquite-white-rock-air-conditioning-heating-llc.html
info@hvacexpertnearme.net,HVAC Expert,Dallas,+1 469-715-4378,5.0,3.0,https://demos.kinesiscreatives.com/dallas-hvac-expert.html
info@hvacserviceandrepair.net,HVAC Services and Repair,Dallas,+1 469-564-5918,5.0,11.0,https://demos.kinesiscreatives.com/dallas-hvac-services-and-repair.html
info@allaroundhvac.net,All Around HVAC,Dallas,+1 469-654-3351,5.0,4.0,https://demos.kinesiscreatives.com/dallas-all-around-hvac.html
info@mycoolingcompany.com,My Cooling Company,Dallas,+1 469-623-8686,,,https://demos.kinesiscreatives.com/dallas-my-cooling-company.html
garymerlino@gmccinc.com,Frymire Home Services,Dallas,+1 469-759-1046,4.8,4599.0,https://demos.kinesiscreatives.com/dallas-frymire-home-services.html
info@24hourhvacnearme.com,24hour HVAC,Dallas,+1 469-658-7251,5.0,6.0,https://demos.kinesiscreatives.com/dallas-24hour-hvac.html
info@billygo.com,billyGO Air Conditioning & Plumbing,Dallas,+1 214-267-9944,4.7,1322.0,https://demos.kinesiscreatives.com/dallas-billygo-air-conditioning-plumbing.html
info@thecolonyhvac.com,The Colony HVAC,Dallas,+1 469-599-4967,5.0,2.0,https://demos.kinesiscreatives.com/dallas-the-colony-hvac.html
roger@airstarservices.com,Airstar Services,Mesquite,+1 214-343-0911,3.8,97.0,https://demos.kinesiscreatives.com/mesquite-airstar-services.html
jeremy@blueboxair.com,"Blue Box Air, Inc",Dallas,+1 424-241-3060,4.0,4.0,https://demos.kinesiscreatives.com/dallas-blue-box-air-inc.html
kristin@tempo.io,Tempo Air,Irving,+1 972-579-2000,4.7,1839.0,https://demos.kinesiscreatives.com/irving-tempo-air.html
jean.cordova@ferginc.com,Ferguson HVAC Supply,Dallas,+1 214-221-0012,4.8,20.0,https://demos.kinesiscreatives.com/dallas-ferguson-hvac-supply.html
dallashvacparts@gmail.com,Dallas HVAC Parts,Garland,+1 214-341-0063,4.9,561.0,https://demos.kinesiscreatives.com/garland-dallas-hvac-parts.html
service@1stchoiceairductcleaningdallas.com,1st Choice Air Duct Cleaning Dallas,Dallas,+1 469-908-8781,4.9,44.0,https://demos.kinesiscreatives.com/dallas-1st-choice-air-duct-cleaning-dallas.html
service@cleanairdallaspro.com,Clean Air Dallas Pro,Dallas,+1 214-935-5058,4.9,54.0,https://demos.kinesiscreatives.com/dallas-clean-air-dallas-pro.html
service@coolairtx.com,Cool Mechanical,Dallas,+1 972-366-5316,4.4,216.0,https://demos.kinesiscreatives.com/dallas-cool-mechanical.html
rinojosa@whitecapmechanical.com,Whitecap Mechanical,Dallas,+1 972-373-4740,5.0,4.0,https://demos.kinesiscreatives.com/dallas-whitecap-mechanical.html
info@citi-air.com,"Citi-Air Service, Inc.",Dallas,+1 214-570-8068,3.7,3.0,https://demos.kinesiscreatives.com/dallas-citi-air-service-inc.html
info@thefixerrepairs.com,Quick Thermador repair service,Dallas,+1 469-325-1166,4.6,22.0,https://demos.kinesiscreatives.com/dallas-quick-thermador-repair-service.html
KSTOESER@AEROTEK.COM,Trane Portable Rentals,Dallas,+1 972-406-6026,3.0,2.0,https://demos.kinesiscreatives.com/dallas-trane-portable-rentals.html
info@powerducts.com,Jayce & Sons Air Duct Cleaning,Dallas,+1 469-871-7770,4.8,51.0,https://demos.kinesiscreatives.com/dallas-jayce-sons-air-duct-cleaning.html
eddy@xtremeairservices.com,"Xtreme Air Services - HVAC, Plumbing, & Electrical",Sunnyvale,+1 972-288-2263,4.8,2543.0,https://demos.kinesiscreatives.com/sunnyvale-xtreme-air-services-hvac-plumbing-electrical.html
jose@5starhvaccontractors.com,5 Star HVAC Contractors,Rowlett,+1 972-848-9414,4.9,1140.0,https://demos.kinesiscreatives.com/rowlett-5-star-hvac-contractors.html
precisionplumbinghtx@gmail.com,Precision Plumbing Solutions,Dallas,+1 972-521-1635,5.0,14.0,https://demos.kinesiscreatives.com/dallas-precision-plumbing-solutions.html
info@zplumberz.com,Z Plumberz of North Dallas,Dallas,+1 972-573-8778,4.8,79.0,https://demos.kinesiscreatives.com/dallas-z-plumberz-of-north-dallas.html
rapidresponse.sherman@gmail.com,Rapid Response AC Services,Dallas,+1 469-213-3979,4.9,51.0,https://demos.kinesiscreatives.com/dallas-rapid-response-ac-services.html
info@americanhvacstaff.com,American HVAC Staff LLC,Houston,+1 713-517-2832,5.0,14.0,https://demos.kinesiscreatives.com/houston-american-hvac-staff-llc.html
chris@springbranchair.com,Spring Branch AC,Houston,+1 713-937-6739,4.9,366.0,https://demos.kinesiscreatives.com/houston-spring-branch-ac.html
houstontxhvac@gmail.com,"Emanuel Air Systems, Inc.",Houston,+1 832-981-6375,5.0,5.0,https://demos.kinesiscreatives.com/houston-emanuel-air-systems-inc.html
doyle.james@dwyergroup.com,Aire Serv of Central & West Houston,Houston,+1 832-432-7888,4.9,196.0,https://demos.kinesiscreatives.com/houston-aire-serv-of-central-west-houston.html
sales@24sevenac.net,24 Seven AC,Houston,+1 713-832-5545,4.9,330.0,https://demos.kinesiscreatives.com/houston-24-seven-ac.html
stan@aircurrenthouston.com,"Air Current AC & Heat, LLC",Houston,+1 713-459-2971,5.0,168.0,https://demos.kinesiscreatives.com/houston-air-current-ac-heat-llc.html
rotex.ac@gmail.com,Rotex Ac and Heating,Houston,+1 281-741-7382,4.9,231.0,https://demos.kinesiscreatives.com/houston-rotex-ac-and-heating.html
info@maxcomfortac.com,Max Comfort AC,Houston,+1 832-816-7433,4.0,42.0,https://demos.kinesiscreatives.com/houston-max-comfort-ac.html
service@temperaturecompany.com,The Temperature Company,Houston,+1 832-779-6614,4.8,55.0,https://demos.kinesiscreatives.com/houston-the-temperature-company.html
d.downey@acmanhouston.com,AC Man Houston,Katy,+1 713-460-2653,4.8,45.0,https://demos.kinesiscreatives.com/katy-ac-man-houston.html
enriquem@arsawardsandgifts.com,ARS / Rescue Rooter,Houston,+1 713-428-2700,4.6,11615.0,https://demos.kinesiscreatives.com/houston-ars-rescue-rooter.html
info@domain.com,Houston Air Conditioning AC & Heating Repair Co.,Houston,+1 346-460-6556,4.8,19.0,https://demos.kinesiscreatives.com/houston-houston-air-conditioning-ac-heating-repair-co.html
wmarshall@texascentralair.com,Texas Central Air,Houston,+1 281-727-0327,4.7,16.0,https://demos.kinesiscreatives.com/houston-texas-central-air.html
john@punbarair.com,Punbar Air,Houston,+1 832-736-4432,4.9,385.0,https://demos.kinesiscreatives.com/houston-punbar-air.html
tglacialairsystems@hotmail.com,Glacial Air Systems,Houston,+1 832-231-2859,5.0,7.0,https://demos.kinesiscreatives.com/houston-glacial-air-systems.html
aivy@huntongroup.com,Hunton Group,Houston,+1 713-266-3900,4.5,43.0,https://demos.kinesiscreatives.com/houston-hunton-group.html
bcs4981@yahoo.com,Courtesy Air Conditioning & Heating,Houston,+1 281-496-9450,5.0,208.0,https://demos.kinesiscreatives.com/houston-courtesy-air-conditioning-heating.html
john.gary@searshomepro.com,Sears Heating and Air Conditioning,Houston,+1 469-656-4185,3.1,7.0,https://demos.kinesiscreatives.com/houston-sears-heating-and-air-conditioning.html
adickerson@houstonnorth.com,Houston North Airconditioning,Houston,+1 713-692-7702,3.7,14.0,https://demos.kinesiscreatives.com/houston-houston-north-airconditioning.html
rodrick.joyner@johnmooreservices.com,"Village Plumbing, Air & Electric",Houston,+1 281-607-5357,4.8,9693.0,https://demos.kinesiscreatives.com/houston-village-plumbing-air-electric.html
info@csmechanical.co,CS Mechanical Co,Houston,+1 346-449-5083,4.1,28.0,https://demos.kinesiscreatives.com/houston-cs-mechanical-co.html
airflowair247@gmail.com,Airflow AC & Heating,Houston,+1 713-930-3065,4.6,58.0,https://demos.kinesiscreatives.com/houston-airflow-ac-heating.html
casianojoe@yahoo.com,Coastal HVAC Supply - Houston Northcourt,Houston,+1 713-996-9227,4.9,112.0,https://demos.kinesiscreatives.com/houston-coastal-hvac-supply-houston-northcourt.html
kimmilburn@hotmail.com,"DEEM, LLC",Houston,+1 713-290-0675,3.4,8.0,https://demos.kinesiscreatives.com/houston-deem-llc.html
service@aircoductcleaninghouston.com,airco duct cleaninghouston,Houston,+1 281-766-8633,5.0,1.0,https://demos.kinesiscreatives.com/houston-airco-duct-cleaninghouston.html
alankrinickas4@gmail.com,"Scanlan & Sons Plumbing, Heating and Air Conditioning Co.",Houston,+1 713-464-4189,2.6,7.0,https://demos.kinesiscreatives.com/houston-scanlan-sons-plumbing-heating-and-air-conditioning-co.html
vasqtony@sbcglobal.net,J & V Air Conditioning LLC,Houston,+1 713-628-2039,3.7,3.0,https://demos.kinesiscreatives.com/houston-j-v-air-conditioning-llc.html
bazilac20@gmail.com,Bazil Air Conditioning and Heating,Houston,+1 832-217-6579,5.0,72.0,https://demos.kinesiscreatives.com/houston-bazil-air-conditioning-and-heating.html
ecc@expertclimates.com,Expert Climate Control,Houston,+1 346-999-0023,4.8,84.0,https://demos.kinesiscreatives.com/houston-expert-climate-control.html
t_sepu@hotmail.com,CE (Carrier Enterprise),Houston,+1 713-868-3100,4.3,70.0,https://demos.kinesiscreatives.com/houston-ce-carrier-enterprise.html
kenny@du-west.com,Du-West Air Conditioning,Pasadena,+1 713-475-0004,5.0,165.0,https://demos.kinesiscreatives.com/pasadena-du-west-air-conditioning.html
staffordservices@yahoo.com,Stafford Air of Bellaire,Houston,+1 713-667-3281,5.0,162.0,https://demos.kinesiscreatives.com/houston-stafford-air-of-bellaire.html
info@astrotexair.com,Astro-Tex Air Conditioning & Heating,Houston,+1 713-451-9999,4.9,30.0,https://demos.kinesiscreatives.com/houston-astro-tex-air-conditioning-heating.html
info@airofhouston.com,Air Of Houston,Spring,+1 281-890-0990,4.8,320.0,https://demos.kinesiscreatives.com/spring-air-of-houston.html
service@cleanairhoustonpro.net,Clean Air Houston Pro,Houston,+1 832-737-8500,4.7,124.0,https://demos.kinesiscreatives.com/houston-clean-air-houston-pro.html
pduke@calcsusa.com,Comfort Systems USA Inc.,Houston,+1 713-830-9600,4.7,3.0,https://demos.kinesiscreatives.com/houston-comfort-systems-usa-inc.html
hr@pbkarchitectsinc.com,McMillan James Equipment Company,Houston,+1 832-377-3275,5.0,2.0,https://demos.kinesiscreatives.com/houston-mcmillan-james-equipment-company.html
info@j-smech.com,"J & S Mechanical Contractors, Inc.",Houston,+1 713-956-5555,4.7,13.0,https://demos.kinesiscreatives.com/houston-j-s-mechanical-contractors-inc.html
dylan.simoff@absolutecomfortair.com,Absolute Comfort,Houston,+1 713-668-0727,4.3,6.0,https://demos.kinesiscreatives.com/houston-absolute-comfort.html
service@commercialplumbinghoustontx.com,commercialplumbinghoustontx,Houston,+1 281-393-7418,5.0,4.0,https://demos.kinesiscreatives.com/houston-commercialplumbinghoustontx.html
kenny@du-west.com,Du-West Foundation Repair,Pasadena,+1 713-473-7156,4.8,111.0,https://demos.kinesiscreatives.com/pasadena-du-west-foundation-repair.html
rlcrodolfo@yahoo.com,RLC Services,Houston,+1 281-858-5465,4.2,216.0,https://demos.kinesiscreatives.com/houston-rlc-services.html
waqas@integratesun.com,IntegrateSun,Houston,+1 855-999-1850,4.3,290.0,https://demos.kinesiscreatives.com/houston-integratesun.html
amsofhoutxinfo@amsofusa.com,AMS of Houston,Stafford,+1 281-403-1701,3.7,3.0,https://demos.kinesiscreatives.com/stafford-ams-of-houston.html
efaxpurchasing@hctx.net,Harris County Purchasing Services and Warehouse,Houston,+1 713-274-1440,3.5,4.0,https://demos.kinesiscreatives.com/houston-harris-county-purchasing-services-and-warehouse.html
saber32@excite.com,The Home Depot,Spring Valley Village,+1 713-984-2741,4.2,1927.0,https://demos.kinesiscreatives.com/spring-valley-village-the-home-depot.html
amerhvacservices@gmail.com,Amer HVAC Services,Houston,+1 832-660-5699,4.7,,https://demos.kinesiscreatives.com/houston-amer-hvac-services.html
qualityairductcleaninghouston@gmail.com,QUALITY AIR DUCT CLEANING HOUSTON,Houston,+1 832-402-9466,5.0,,https://demos.kinesiscreatives.com/houston-quality-air-duct-cleaning-houston.html
info@powervacamerica.com,Power Vac America,Houston,+1 713-645-4611,4.9,,https://demos.kinesiscreatives.com/houston-power-vac-america.html
loriandtheboys@gmail.com,Johnstone Supply,Houston,+1 713-952-4601,4.1,,https://demos.kinesiscreatives.com/houston-johnstone-supply.html
brucemechanical@yahoo.com,Bruce Mech Air Conditioning and Heating,Spring,+1 713-903-8303,4.7,,https://demos.kinesiscreatives.com/spring-bruce-mech-air-conditioning-and-heating.html
laurie@marcosac.com,Marcos' AC & Heating Services,Houston,+1 713-467-4822,4.8,275.0,https://demos.kinesiscreatives.com/houston-marcos-ac-heating-services.html
sales@airreydfw.com,Air Rey - Houston,Houston,+1 346-477-9744,4.6,911.0,https://demos.kinesiscreatives.com/houston-air-rey-houston.html
info@platinumacandheating.com,Platinum AC & Heating LLC,Houston,+1 832-777-3683,5.0,27.0,https://demos.kinesiscreatives.com/houston-platinum-ac-heating-llc.html
mustafa@gentleair1.com,Gentle Air,Houston,+1 713-900-6060,4.9,30.0,https://demos.kinesiscreatives.com/houston-gentle-air.html
texaseagle2021@gmail.com,"Texas Eagle AC and Heating, LLC",Houston,+1 713-497-1145,5.0,199.0,https://demos.kinesiscreatives.com/houston-texas-eagle-ac-and-heating-llc.html
webmaster@leadsnearby.com,TemperaturePro Katy-Cypress,Houston,+1 281-607-5884,4.9,333.0,https://demos.kinesiscreatives.com/houston-temperaturepro-katy-cypress.html
priorityaconline@gmail.com,Priority AC & Heat,Houston,+1 713-854-2776,5.0,636.0,https://demos.kinesiscreatives.com/houston-priority-ac-heat.html
residentialach@gmail.com,Residential AC & Heating ECi,Houston,+1 832-242-4745,5.0,12.0,https://demos.kinesiscreatives.com/houston-residential-ac-heating-eci.html
info@bayoucityac.com,"Bayou City Aire, LLC",Houston,+1 713-568-9437,4.9,72.0,https://demos.kinesiscreatives.com/houston-bayou-city-aire-llc.html
ajfamilyhandyman@gmail.com,Houston Heating & Air Conditioning,Houston,+1 346-699-2453,4.7,21.0,https://demos.kinesiscreatives.com/houston-houston-heating-air-conditioning.html
aaronsac@comcast.net,Aaron's AC & Heat,Houston,+1 281-699-9233,4.8,30.0,https://demos.kinesiscreatives.com/houston-aarons-ac-heat.html
jackie@txgcac.com,Texas Gulfcoast Air Conditioning,Houston,+1 713-644-1861,4.7,19.0,https://demos.kinesiscreatives.com/houston-texas-gulfcoast-air-conditioning.html
contact@cowboycoolinghvac.com,Cowboy Cooling HVAC,Dallas,+1 817-277-4383,4.9,15.0,https://demos.kinesiscreatives.com/dallas-cowboy-cooling-hvac.html
contact@parkcitieshvac.com,Park Cities HVAC,Dallas,+1 214-476-4421,5.0,11.0,https://demos.kinesiscreatives.com/dallas-park-cities-hvac.html
info@unitedstateshomeservices.com,United States Home Services,Dallas,+1 214-301-5784,5.0,1740.0,https://demos.kinesiscreatives.com/dallas-united-states-home-services.html
m.mashburn@dmsprofessionals.com,Dynamic Mechanical Solutions,Dallas,+1 469-524-3675,4.7,16.0,https://demos.kinesiscreatives.com/dallas-dynamic-mechanical-solutions.html
office@reynoldsheatnair.com,REYNOLDS HEAT N AIR,Dallas,+1 972-725-4105,5.0,10.0,https://demos.kinesiscreatives.com/dallas-reynolds-heat-n-air.html
ameriservpros@gmail.com,American Service Professionals HVAC-R LLC,Irving,+1 972-598-3910,5.0,11.0,https://demos.kinesiscreatives.com/irving-american-service-professionals-hvac-r-llc.html
seye@suburbanheatandair.com,Suburban Heating & Air Conditioning,Dallas,+1 214-381-1127,4.4,23.0,https://demos.kinesiscreatives.com/dallas-suburban-heating-air-conditioning.html
abahnsen@centuryhvac.com,Century HVAC Distributing,Dallas,+1 972-241-7007,4.5,45.0,https://demos.kinesiscreatives.com/dallas-century-hvac-distributing.html
sebastian@aldusleaf.org,Effective Air Services & Contracting LLC,Dallas,+1 469-230-8704,5.0,7.0,https://demos.kinesiscreatives.com/dallas-effective-air-services-contracting-llc.html
rrichardson@towertech.com,"Tower Tech Services, Inc.",Dallas,+1 800-971-0031,4.5,2.0,https://demos.kinesiscreatives.com/dallas-tower-tech-services-inc.html
cwalter@centuryfp.com,Quigley Heating & Air Conditioning of Dallas,Farmers Branch,+1 214-526-8533,4.9,573.0,https://demos.kinesiscreatives.com/farmers-branch-quigley-heating-air-conditioning-of-dallas.html
info@edmillerservco.com,E D Miller Services LLC,Dallas,+1 214-351-6171,3.5,24.0,https://demos.kinesiscreatives.com/dallas-e-d-miller-services-llc.html
gedwards@hydrotempinc.com,Hydrotemp LLC,Dallas,+1 214-630-1984,4.7,19.0,https://demos.kinesiscreatives.com/dallas-hydrotemp-llc.html
ansliger15@gmail.com,Fissco Supply HVAC - Dallas,Dallas,+1 214-357-0835,4.6,10.0,https://demos.kinesiscreatives.com/dallas-fissco-supply-hvac-dallas.html
lwende@insco.com,"Insco Distributing, Inc.",Dallas,+1 214-350-7913,4.5,18.0,https://demos.kinesiscreatives.com/dallas-insco-distributing-inc.html
jadelstein@icdmail.com,Industrial Controls,Dallas,+1 972-671-1996,2.5,2.0,https://demos.kinesiscreatives.com/dallas-industrial-controls.html
info@xpertechhvacrepairandinstallation.com,Xpert tech hvac,Farmers Branch,+1 469-895-5664,5.0,5.0,https://demos.kinesiscreatives.com/farmers-branch-xpert-tech-hvac.html
accounts@tophvac.net,TOP HVAC Service Co.,Carrollton,+1 214-934-6728,4.5,56.0,https://demos.kinesiscreatives.com/carrollton-top-hvac-service-co.html
kgastel@megavolt.com,Standard Supply Distribution Center & Corporate Offices,Dallas,+1 214-630-7800,4.1,47.0,https://demos.kinesiscreatives.com/dallas-standard-supply-distribution-center-corporate-offices.html
tmuth@eliterentals.net,United Rentals - Climate Solutions,Dallas,+1 817-357-4830,4.9,8.0,https://demos.kinesiscreatives.com/dallas-united-rentals-climate-solutions.html
info@uglydogair.com,Ugly Dog Heating & Cooling,Farmers Branch,+1 214-845-9364,5.0,57.0,https://demos.kinesiscreatives.com/farmers-branch-ugly-dog-heating-cooling.html
americanaircustoms@yahoo.com,"American Air Customs, Inc",Irving,+1 972-313-3734,4.9,231.0,https://demos.kinesiscreatives.com/irving-american-air-customs-inc.html
info@allenhvac.net,Allen HVAC Services,Dallas,+1 214-632-7422,,,https://demos.kinesiscreatives.com/dallas-allen-hvac-services.html
marketing@reliantac.com,Reliant Air Conditioning,Irving,+1 817-831-3950,4.7,4226.0,https://demos.kinesiscreatives.com/irving-reliant-air-conditioning.html
pierceandson@pierceac.com,Pierce & Son Air Conditioning,Dallas,+1 214-341-5833,5.0,10.0,https://demos.kinesiscreatives.com/dallas-pierce-son-air-conditioning.html
rose@saspecialties.com,SA Specialties,Dallas,+1 214-951-0440,,,https://demos.kinesiscreatives.com/dallas-sa-specialties.html
service@dallaswaterheaterco.com,dallas-waterheater-co,Dallas,+1 469-207-1493,5.0,2.0,https://demos.kinesiscreatives.com/dallas-dallas-waterheater-co.html
rundelsb@aol.com,Spencer Air Conditioning & Heating,Irving,+1 972-544-6921,4.9,1245.0,https://demos.kinesiscreatives.com/irving-spencer-air-conditioning-heating.html
joe@joeflyco.com,"Joe W. Fly Co., Inc.",Irving,+1 214-634-2200,4.5,25.0,https://demos.kinesiscreatives.com/irving-joe-w-fly-co-inc.html
airkoolhac@att.net,"Air-Kool Heating & Air, LLC",Duncanville,+1 972-296-0550,4.9,59.0,https://demos.kinesiscreatives.com/duncanville-air-kool-heating-air-llc.html
service@interiorcs.com,Interior Climate Solutions,Dallas,+1 469-949-8393,4.0,8.0,https://demos.kinesiscreatives.com/dallas-interior-climate-solutions.html
kirklandheatair@comcast.net,"Kirkland Heating & Air Conditioning, Inc.",Dallas,+1 770-443-2504,5.0,634.0,https://demos.kinesiscreatives.com/dallas-kirkland-heating-air-conditioning-inc.html
jack@benchmarkservice.net,Benchmark Service,Irving,+1 972-790-3900,4.9,58.0,https://demos.kinesiscreatives.com/irving-benchmark-service.html
support@dfwhvac.com,DFW HVAC,Coppell,+1 817-242-6688,5.0,141.0,https://demos.kinesiscreatives.com/coppell-dfw-hvac.html
vickey@denalics.com,"Denali HVAC, Plumbing & Electric",Dallas,+1 214-350-9555,4.5,46.0,https://demos.kinesiscreatives.com/dallas-denali-hvac-plumbing-electric.html
infinityairdfw@verizon.net,Infinity Air Services,Irving,+1 214-995-3100,5.0,12.0,https://demos.kinesiscreatives.com/irving-infinity-air-services.html
oncall@houseproac.com,House Pro Air Conditioning,Houston,+1 281-941-6471,4.7,1397.0,https://demos.kinesiscreatives.com/houston-house-pro-air-conditioning.html
info@jakpost.com,Top Notch AC Repair Houston,Houston,+1 346-637-4055,5.0,28.0,https://demos.kinesiscreatives.com/houston-top-notch-ac-repair-houston.html
enginemen32@yahoo.com,HVAC Blower Motors Houston,Houston,+1 346-326-1718,5.0,1.0,https://demos.kinesiscreatives.com/houston-hvac-blower-motors-houston.html
innar@auraservicepro.com,Aura Service Pro,Houston,+1 832-803-0707,3.6,71.0,https://demos.kinesiscreatives.com/houston-aura-service-pro.html
scantuum@gmail.com,United Mechanical,Dallas,+1 214-341-9300,4.3,49.0,https://demos.kinesiscreatives.com/dallas-united-mechanical.html
luis@airtexasdfw.com,Air Texas AC & Heating Carrollton,Carrollton,+1 214-869-2300,4.9,216.0,https://demos.kinesiscreatives.com/carrollton-air-texas-ac-heating-carrollton.html
drew@barbosamechanical.com,Barbosa Plumbing & Air Conditioning,Dallas,+1 972-846-8513,4.8,541.0,https://demos.kinesiscreatives.com/dallas-barbosa-plumbing-air-conditioning.html
urbanairemechanical@gmail.com,"Prime Urban Aire Mechanical, LLC",Dallas,+1 214-775-9948,3.7,12.0,https://demos.kinesiscreatives.com/dallas-prime-urban-aire-mechanical-llc.html
russ@acprostx.com,AC Pros,Richardson,+1 972-736-8864,4.8,1092.0,https://demos.kinesiscreatives.com/richardson-ac-pros.html
info@highflowheatingacrepair.com,High Flow AC Repair,Dallas,+1 469-972-4754,5.0,7.0,https://demos.kinesiscreatives.com/dallas-high-flow-ac-repair.html
ah01@elevatedsolutionsteamllc.com,Elevated Solutions Team,Dallas,+1 972-850-8544,5.0,6.0,https://demos.kinesiscreatives.com/dallas-elevated-solutions-team.html
info@truficient.com,"Truficient Energy Solutions, LLC",Richardson,+1 214-238-4350,4.9,62.0,https://demos.kinesiscreatives.com/richardson-truficient-energy-solutions-llc.html
office@hvacservicedallas.com,Air Conditioning & Heating Dallas Pros,Dallas,+1 214-833-0536,5.0,14.0,https://demos.kinesiscreatives.com/dallas-air-conditioning-heating-dallas-pros.html
info@ac-experts.com,Tatimeyo AC Service,Dallas,+1 682-424-7197,5.0,16.0,https://demos.kinesiscreatives.com/dallas-tatimeyo-ac-service.html
ac.concierge@legacyairconditioningservices.com,"Legacy Air Services, LLC.",Dallas,+1 972-684-3394,4.5,8.0,https://demos.kinesiscreatives.com/dallas-legacy-air-services-llc.html
mail@teamenoch.com,"Team Enoch: Electric, Plumbing, Air, Roofing",Addison,+1 469-960-3171,4.9,972.0,https://demos.kinesiscreatives.com/addison-team-enoch-electric-plumbing-air-roofing.html
info@ethanairductcleaningdallas.com,Ethan Air Duct Cleaning Dallas,Dallas,+1 945-253-3704,5.0,67.0,https://demos.kinesiscreatives.com/dallas-ethan-air-duct-cleaning-dallas.html
office@greenleafair.com,Green Leaf Air,Richardson,+1 972-992-5006,4.7,172.0,https://demos.kinesiscreatives.com/richardson-green-leaf-air.html
info@airsmhvac.com,"Air Source Mechanical LLC,",Richardson,+1 972-897-8332,5.0,81.0,https://demos.kinesiscreatives.com/richardson-air-source-mechanical-llc.html
dhansford@4lengineering.com,4-L Engineering Co Inc,Richardson,+1 972-276-5088,3.4,17.0,https://demos.kinesiscreatives.com/richardson-4-l-engineering-co-inc.html
robert.harris@harrishvac.org,Harris HVAC,Dallas,+1 469-554-3897,,,https://demos.kinesiscreatives.com/dallas-harris-hvac.html
andycanales@gmail.com,First Co.,Dallas,+1 214-388-5751,3.4,138.0,https://demos.kinesiscreatives.com/dallas-first-co.html
production@texacdfw.com,Tex-AC & Heating,Richardson,+1 469-851-2665,5.0,100.0,https://demos.kinesiscreatives.com/richardson-tex-ac-heating.html
jai@refexperts.com,Ref Experts & HVAC,Dallas,+1 469-941-4379,4.2,20.0,https://demos.kinesiscreatives.com/dallas-ref-experts-hvac.html
cng.hna.llc@gmail.com,C&G HEATING & AIR LLC,Dallas,+1 214-554-5049,5.0,2.0,https://demos.kinesiscreatives.com/dallas-cg-heating-air-llc.html
info@garnetdynamics.com,"Garnet Dynamics, Inc.",Dallas,+1 214-694-2333,5.0,1.0,https://demos.kinesiscreatives.com/dallas-garnet-dynamics-inc.html
psmithdewpoint@gmail.com,Dew Point Mechanical LLC,Dallas,+1 214-515-8023,5.0,1.0,https://demos.kinesiscreatives.com/dallas-dew-point-mechanical-llc.html
dfwairductcleaningcompany@gmail.com,TYH Air Duct Cleaning,Dallas,+1 972-972-8640,4.9,90.0,https://demos.kinesiscreatives.com/dallas-tyh-air-duct-cleaning.html
john@ausairtexas.com,A-US Air Conditioning Of Texas,Garland,+1 877-221-2109,3.8,1924.0,https://demos.kinesiscreatives.com/garland-a-us-air-conditioning-of-texas.html
eben@eyebytes.com,American Building Services,Dallas,+1 214-350-0800,4.3,13.0,https://demos.kinesiscreatives.com/dallas-american-building-services.html
d.parnell@airtechdfw.com,Airtech Air Services,Dallas,+1 214-458-2558,,,https://demos.kinesiscreatives.com/dallas-airtech-air-services.html
KSTOESER@AEROTEK.COM,Trane Commercial Sales Office,Carrollton,+1 469-758-3000,3.3,7.0,https://demos.kinesiscreatives.com/carrollton-trane-commercial-sales-office.html
richard@tribecaplumbinginc.com,"Tribeca Plumbing, Inc.",Dallas,+1 214-402-5454,4.8,417.0,https://demos.kinesiscreatives.com/dallas-tribeca-plumbing-inc.html
info@onthespothvac.com,On The Spot HVAC,Allen,+1 214-831-8138,4.9,1057.0,https://demos.kinesiscreatives.com/allen-on-the-spot-hvac.html
service@dallasairsolutions.com,Dallas Air Solutions,DeSoto,+1 469-226-9963,5.0,1.0,https://demos.kinesiscreatives.com/desoto-dallas-air-solutions.html
susanaarango@bodyexquisite.com,H & G Systems,Dallas,+1 214-341-5486,4.1,20.0,https://demos.kinesiscreatives.com/dallas-h-g-systems.html
glenn.decou@rm4hvac.com,Richardson Mechanical,Richardson,+1 972-272-1606,2.9,8.0,https://demos.kinesiscreatives.com/richardson-richardson-mechanical.html
RICK.LEAVITT@CARRIER.COM,Carrier Commercial Service,Richardson,+1 972-789-3426,4.3,9.0,https://demos.kinesiscreatives.com/richardson-carrier-commercial-service.html
csmith@ntductworks.com,NTD Mechanical,Garland,+1 469-323-0454,4.9,18.0,https://demos.kinesiscreatives.com/garland-ntd-mechanical.html
adam.uchin@trane.com,Trane Supply,Carrollton,+1 972-620-1161,3.8,73.0,https://demos.kinesiscreatives.com/carrollton-trane-supply.html
info@hvacofhouston.com,HVAC Of Houston - AC Repair Service,Cypress,+1 832-819-0735,5.0,6.0,https://demos.kinesiscreatives.com/cypress-hvac-of-houston-ac-repair-service.html
herculeshvacpro@outlook.com,Hercules HVAC Pro,Houston,+1 832-503-8366,4.8,49.0,https://demos.kinesiscreatives.com/houston-hercules-hvac-pro.html
m.dowdy@cornerstoneacandheating.com,Cornerstone AC & Heating,Houston,+1 713-896-0074,4.2,15.0,https://demos.kinesiscreatives.com/houston-cornerstone-ac-heating.html
r.srenil@aplusac.net,"A-Plus Mechanical Services, Inc.",Houston,+1 281-970-5200,5.0,118.0,https://demos.kinesiscreatives.com/houston-a-plus-mechanical-services-inc.html
grace@ozarkair.com,Ozark Services,Houston,+1 281-855-2665,4.7,629.0,https://demos.kinesiscreatives.com/houston-ozark-services.html
g.riddle@dynamicairandheat.com,Dynamic Air & Heat,Cypress,+1 832-593-7555,5.0,163.0,https://demos.kinesiscreatives.com/cypress-dynamic-air-heat.html
info@safeairhouston.com,Safe Air LLC,Houston,+1 281-305-9493,4.8,476.0,https://demos.kinesiscreatives.com/houston-safe-air-llc.html
daryll@malekservice.com,Malek Service Company,Houston,+1 281-624-5137,4.6,507.0,https://demos.kinesiscreatives.com/houston-malek-service-company.html
info@masterhvacsolutions.com,Foster AC & Heating,Houston,+1 281-609-3239,5.0,7.0,https://demos.kinesiscreatives.com/houston-foster-ac-heating.html
info@cooldaddy.us,Cool Daddy HVAC Solutions LLC,Cypress,+1 346-255-4822,4.9,66.0,https://demos.kinesiscreatives.com/cypress-cool-daddy-hvac-solutions-llc.html
jmoe.premiumair@yahoo.com,Premium HVAC Mechanical Services,Cypress,+1 832-549-2997,3.0,2.0,https://demos.kinesiscreatives.com/cypress-premium-hvac-mechanical-services.html
nbspacheaven@gmail.com,Heaven Breeze AC and Heating,Houston,+1 832-482-2433,5.0,24.0,https://demos.kinesiscreatives.com/houston-heaven-breeze-ac-and-heating.html
dweber@airdepot.net,Air Depot Cooling & Heating,Cypress,+1 281-477-3700,4.8,546.0,https://demos.kinesiscreatives.com/cypress-air-depot-cooling-heating.html
coolithouston@yahoo.com,Cool-it Air Conditioning Heating,Houston,+1 832-316-2665,4.9,288.0,https://demos.kinesiscreatives.com/houston-cool-it-air-conditioning-heating.html
george@masramusa.com,Masram Mechanical LP,Houston,+1 281-517-0014,4.8,21.0,https://demos.kinesiscreatives.com/houston-masram-mechanical-lp.html
mperill@lovejoymech.com,Lovejoy Mechanical Contractors,Houston,+1 713-466-4045,4.9,10.0,https://demos.kinesiscreatives.com/houston-lovejoy-mechanical-contractors.html
mrcoolair@gmail.com,Mr. Cool A/C and Heating,Cypress,+1 281-859-7937,4.9,241.0,https://demos.kinesiscreatives.com/cypress-mr-cool-ac-and-heating.html
team@latofonts.com,Air Oracle,Cypress,+1 888-524-7247,4.9,549.0,https://demos.kinesiscreatives.com/cypress-air-oracle.html
eben@eyebytes.com,Texas American Air,Cypress,+1 832-500-7440,4.5,35.0,https://demos.kinesiscreatives.com/cypress-texas-american-air.html
johnsonshvac2@gmail.com,Johnson's Services,Houston,+1 281-495-3131,,,https://demos.kinesiscreatives.com/houston-johnsons-services.html
info@fuseworldwide.net,FUSE,Houston,+1 832-900-0840,5.0,22.0,https://demos.kinesiscreatives.com/houston-fuse.html
info@nextdoorac.com,NextDoor AC - Heating & Air Conditioning,Missouri City,+1 832-821-6484,4.9,48.0,https://demos.kinesiscreatives.com/missouri-city-nextdoor-ac-heating-air-conditioning.html
mackgl@aol.com,Maxx AC & Heating,Stafford,+1 281-338-2653,4.8,304.0,https://demos.kinesiscreatives.com/stafford-maxx-ac-heating.html
geo@geocontractorsllc.com,Geo Contractors LLC,Houston,+1 713-729-2665,4.9,223.0,https://demos.kinesiscreatives.com/houston-geo-contractors-llc.html
info@greencityhvacservice.com,Green City Pros,Houston,+1 832-829-6152,4.0,269.0,https://demos.kinesiscreatives.com/houston-green-city-pros.html
info@pilosair.com,Pilo's A/C and Heating,Houston,+1 713-728-9776,4.9,163.0,https://demos.kinesiscreatives.com/houston-pilos-ac-and-heating.html
support@jairmechanic.com,J'Air Mechanic Cooling & Heating,Houston,+1 832-649-8064,5.0,16.0,https://demos.kinesiscreatives.com/houston-jair-mechanic-cooling-heating.html
kim@airtonac.onmicrosoft.com,Air-Ton Heating and AC,Houston,+1 713-661-2760,5.0,192.0,https://demos.kinesiscreatives.com/houston-air-ton-heating-and-ac.html
anapbm@gmail.com,Caleb's HVAC Cooling & Heating LLC,Houston,+1 281-979-8502,5.0,33.0,https://demos.kinesiscreatives.com/houston-calebs-hvac-cooling-heating-llc.html
tltechsco@gmail.com,TL Techs A/C & Electrical,Houston,+1 832-430-9042,4.9,171.0,https://demos.kinesiscreatives.com/houston-tl-techs-ac-electrical.html
rubensautorepairhouston@gmail.com,Ruben's Auto Repair & AC Service,Houston,+1 832-607-0968,4.1,62.0,https://demos.kinesiscreatives.com/houston-rubens-auto-repair-ac-service.html
service@acrepairofhoustontx.com,AC Repair & Installation,Houston,+1 713-487-9758,,,https://demos.kinesiscreatives.com/houston-ac-repair-installation.html
service@cleanairhoustonpro.net,Nonstop Air Duct Cleaning Houston,Houston,+1 832-906-4213,5.0,52.0,https://demos.kinesiscreatives.com/houston-nonstop-air-duct-cleaning-houston.html
david@extremeairduct.com,Extreme Air Duct Cleaning and Restoration Services,Houston,+1 832-699-0888,4.8,608.0,https://demos.kinesiscreatives.com/houston-extreme-air-duct-cleaning-and-restoration-services.html
info@airconditionrepairhoustontx.com,air condition-repair houstontx,Houston,+1 713-364-8306,,,https://demos.kinesiscreatives.com/houston-air-condition-repair-houstontx.html
s.rameriz@houstonaccompressor.com,Houston A/C Compressor Inc.,Houston,+1 713-271-8399,4.2,50.0,https://demos.kinesiscreatives.com/houston-houston-ac-compressor-inc.html
roy@turbohomeservices.com,"Turbo Plumbing , Air Conditioning, Electrical & HVAC Repair Services",Missouri City,+1 281-920-1804,,,https://demos.kinesiscreatives.com/missouri-city-turbo-plumbing-air-conditioning-electrical-hvac-repair-services.html
airductcleaner.net@gmail.com,UNICO HEATING AND A/C SERVICES,Houston,+1 346-375-7852,5.0,19.0,https://demos.kinesiscreatives.com/houston-unico-heating-and-ac-services.html
d.easysteam@gmail.com,Easy Steam LLC,Houston,+1 713-565-4247,5.0,245.0,https://demos.kinesiscreatives.com/houston-easy-steam-llc.html
greateraircarespec@icloud.com,Greater Air Care Specialists,Houston,+1 832-850-4255,3.0,2.0,https://demos.kinesiscreatives.com/houston-greater-air-care-specialists.html
bookme@airmavericks.com,Texas Right Choice,Houston,+1 832-346-8413,4.6,692.0,https://demos.kinesiscreatives.com/houston-texas-right-choice.html
breeze.airducts@gmail.com,H-Town Chimneys South Houston,Houston,+1 832-815-5084,3.8,10.0,https://demos.kinesiscreatives.com/houston-h-town-chimneys-south-houston.html
office@htownplumber.us,H-Town Plumbers,Houston,+1 832-318-0390,4.9,277.0,https://demos.kinesiscreatives.com/houston-h-town-plumbers.html
info@houstontribe.com,Kitchenaid Appliance Repair,Houston,+1 346-388-1155,4.7,22.0,https://demos.kinesiscreatives.com/houston-kitchenaid-appliance-repair.html
tnshouston@gmail.com,TN Cooler,Houston,+1 832-387-9533,4.6,77.0,https://demos.kinesiscreatives.com/houston-tn-cooler.html
info@applianceservicehouston.net,LG Appliance Repair,Missouri City,+1 346-261-2929,4.1,38.0,https://demos.kinesiscreatives.com/missouri-city-lg-appliance-repair.html
allamericanplumbing22@yahoo.com,All American Plumbing,Houston,+1 832-280-5598,4.7,27.0,https://demos.kinesiscreatives.com/houston-all-american-plumbing.html
info@cleanairbellairepro.com,Clean Air Pro Services,Houston,+1 832-694-1222,4.3,49.0,https://demos.kinesiscreatives.com/houston-clean-air-pro-services.html
privacypolicyupdates@automattic.com,Westbury Automotive,Houston,+1 713-721-6293,4.5,59.0,https://demos.kinesiscreatives.com/houston-westbury-automotive.html
mmfink13@gmail.com,Texas AirSystems Parts,Missouri City,+1 832-342-7005,4.0,18.0,https://demos.kinesiscreatives.com/missouri-city-texas-airsystems-parts.html
admin@totalautoservices.net,Total Auto Services,Houston,+1 713-433-7745,4.7,220.0,https://demos.kinesiscreatives.com/houston-total-auto-services.html
ybplumbinglink@gmail.com,YB Plumbing & Hydro Jetting Services,Houston,+1 713-766-6663,4.6,625.0,https://demos.kinesiscreatives.com/houston-yb-plumbing-hydro-jetting-services.html
steamexpressinc@yahoo.com,Steam Express,Houston,+1 832-251-9193,4.9,427.0,https://demos.kinesiscreatives.com/houston-steam-express.html
funguy@sos-asap.com,SOS-ASAP Operators,Houston,+1 713-397-4477,4.8,202.0,https://demos.kinesiscreatives.com/houston-sos-asap-operators.html
donna.haselow@aquariushomeservice.com,Aquarius Home Service,Stafford,+1 281-561-8400,4.8,100.0,https://demos.kinesiscreatives.com/stafford-aquarius-home-service.html
dave.pelton82@gmail.com,Air Specialist Air Conditioning & Plumbing,Pearland,+1 713-469-3443,4.8,3735.0,https://demos.kinesiscreatives.com/pearland-air-specialist-air-conditioning-plumbing.html
micah@micahrich.com,"Francisco and Son's Auto Repair, Inc",Houston,+1 713-723-3154,5.0,10.0,https://demos.kinesiscreatives.com/houston-francisco-and-sons-auto-repair-inc.html
saber32@excite.com,Home Services at The Home Depot,Houston,+1 844-476-2140,4.2,11.0,https://demos.kinesiscreatives.com/houston-home-services-at-the-home-depot.html
service@vibrantmechanical.com,Vibrant Mechanical,Houston,+1 281-436-9758,5.0,155.0,https://demos.kinesiscreatives.com/houston-vibrant-mechanical.html
williamssdw@yahoo.com,SDW Services,Houston,+1 281-204-3246,4.9,44.0,https://demos.kinesiscreatives.com/houston-sdw-services.html
info@aadheatingairconditioning.xyz,AAD Heating & Air Conditioning,Houston,+1 713-379-1862,5.0,39.0,https://demos.kinesiscreatives.com/houston-aad-heating-air-conditioning.html
john@acrepairspecialistshouston.com,Houston AC Repair Specialists,Houston,+1 713-929-3519,5.0,9.0,https://demos.kinesiscreatives.com/houston-houston-ac-repair-specialists.html
info@commercialhvacofhouston.com,Commercial HVAC of Houston,Houston,+1 806-206-6115,5.0,4.0,https://demos.kinesiscreatives.com/houston-commercial-hvac-of-houston.html
bsiairhtx@gmail.com,Bodensteiner Service Inc,Houston,+1 713-868-0050,5.0,1041.0,https://demos.kinesiscreatives.com/houston-bodensteiner-service-inc.html
houstonairservicesco@gmail.com,Houston Air Services,Houston,+1 281-584-9111,5.0,39.0,https://demos.kinesiscreatives.com/houston-houston-air-services.html
info@tempertechac.com,TEMPERTECH A/C & HEATING LLC,Houston,+1 281-865-1886,5.0,22.0,https://demos.kinesiscreatives.com/houston-tempertech-ac-heating-llc.html
ron@mundae.com,Mundae Services - Downtown Houston,Houston,+1 713-777-7700,4.8,277.0,https://demos.kinesiscreatives.com/houston-mundae-services-downtown-houston.html
charlie@masterplumberservice.com,Master Plumber Services,Houston,+1 346-768-3336,5.0,18.0,https://demos.kinesiscreatives.com/houston-master-plumber-services.html
info@a1pluselectrical.com,"A1 Plus Electrical, Plumbing and Air Conditioning Repair",Houston,+1 832-271-6414,4.9,195.0,https://demos.kinesiscreatives.com/houston-a1-plus-electrical-plumbing-and-air-conditioning-repair.html
info@blueleafhvac.com,Blueleaf Air Conditioning & Heating,Houston,+1 713-295-9728,4.6,65.0,https://demos.kinesiscreatives.com/houston-blueleaf-air-conditioning-heating.html
ken@atlasacrepair.com,Atlas Ac Repair LLC,Houston,+1 281-220-8309,4.9,76.0,https://demos.kinesiscreatives.com/houston-atlas-ac-repair-llc.html
infoo@sam-hvac.com,SAMS HVAC LLC,Houston,+1 713-213-0576,4.5,8.0,https://demos.kinesiscreatives.com/houston-sams-hvac-llc.html
info@loveair.com,"Love Air Conditioning, Heating & Plumbing",Houston,+1 281-444-1174,4.1,124.0,https://demos.kinesiscreatives.com/houston-love-air-conditioning-heating-plumbing.html
info@nexairsolutions.com,NexAir Solutions,Houston,+1 832-837-0301,4.8,26.0,https://demos.kinesiscreatives.com/houston-nexair-solutions.html
service@airtechofpasadena.com,Air Tech of Pasadena - Miles Service,Pasadena,+1 281-393-7875,4.9,1358.0,https://demos.kinesiscreatives.com/pasadena-air-tech-of-pasadena-miles-service.html
brownairandheat@yahoo.com,Brown Air Conditioning & Heating,Pasadena,+1 281-998-2665,4.7,936.0,https://demos.kinesiscreatives.com/pasadena-brown-air-conditioning-heating.html
roger@aircaresoutheast.com,"Air-Care Southeast, Inc.",South Houston,+1 713-946-4302,4.9,56.0,https://demos.kinesiscreatives.com/south-houston-air-care-southeast-inc.html
Cfitzg6505@aol.Com,Minisplits Houston,Houston,+1 346-837-6170,4.8,48.0,https://demos.kinesiscreatives.com/houston-minisplits-houston.html
covaraircare@outlook.com,Covar Aircare LLC,Houston,+1 713-476-8945,4.8,154.0,https://demos.kinesiscreatives.com/houston-covar-aircare-llc.html
express.homexperts@gmail.com,Service Express HVAC,Houston,+1 281-648-2222,4.2,10.0,https://demos.kinesiscreatives.com/houston-service-express-hvac.html
service@acrepairpasadenatx.com,AC Repair Pasadena TX,Pasadena,+1 281-401-9349,,,https://demos.kinesiscreatives.com/pasadena-ac-repair-pasadena-tx.html
aircombination25@gmail.com,Air Combination LLC,Houston,+1 832-374-0354,5.0,5.0,https://demos.kinesiscreatives.com/houston-air-combination-llc.html
bricoservices@comcast.net,Brico Air Conditioning Repair Services,Deer Park,+1 832-878-8146,4.8,123.0,https://demos.kinesiscreatives.com/deer-park-brico-air-conditioning-repair-services.html
southbeltac@yahoo.com,South Belt,Friendswood,+1 281-992-4900,4.9,408.0,https://demos.kinesiscreatives.com/friendswood-south-belt.html
RICK.LEAVITT@CARRIER.COM,Carrier Commercial Service,Missouri City,+1 713-797-8900,4.0,8.0,https://demos.kinesiscreatives.com/missouri-city-carrier-commercial-service.html
tyler.vincer@temperaturepro.com,TemperaturePro,Houston,+1 713-714-4674,5.0,19.0,https://demos.kinesiscreatives.com/houston-temperaturepro.html
cheng@houstontx.gov,Champion and Nash,Pasadena,+1 713-322-7682,4.9,1138.0,https://demos.kinesiscreatives.com/pasadena-champion-and-nash.html
roy@turbohomeservices.com,"Turbo Plumbing , Air Conditioning, Electrical & HVAC Repair Services",Pasadena,+1 281-984-4894,4.8,12.0,https://demos.kinesiscreatives.com/pasadena-turbo-plumbing-air-conditioning-electrical-hvac-repair-services.html
